Shop Name,Reviews,Address,Phone,Instagram,Facebook,TikTok,Website,City,State,Country,Email,Rating,Scraped At
Tattoo 34,333,"4035 SE Hawthorne Blvd, Portland, OR 97214",503) 235-3606,https://www.instagram.com/tattoo34pdx,N/A,https://www.tiktok.com/@glowymariia,http://www.tattoo34pdx.com,Portland,OR,USA,info@tattoo34pdx.com; user@domain.com,4.9,2026-06-15 02:56:51
Ever True Tattoo,196,"213 SW Ash St, Portland, OR 97204",971) 563-5093,https://www.instagram.com/evertruetattoo,https://www.facebook.com/EverTrueTattoo,https://www.tiktok.com/@forevertruetattoo,http://www.evertruetattoo.com,Portland,OR,USA,ambaileytattoo@gmail.com; daytonskuse@gmail.com; evertruetattoo@gmail.com; keshorror@gmail.com; scott.umeki@gmail.com; sequoiarosetattoo@gmail.com,4.7,2026-06-15 02:58:09
Fortune Tattoo Pdx,82,"6654 SE Milwaukie Ave, Portland, OR 97202",503) 234-7071,https://www.instagram.com/ms.mikki_fortunetattoo,N/A,https://www.tiktok.com/@inkhearttattoopdx,https://www.msmikki503.com,Portland,OR,USA,fortunetattoopdx@gmail.com; user@domain.com,4.9,2026-06-15 02:59:37
Historic Tattoo - Portland Tattoo Shop,306,"2001 SE 50th Ave, Portland, OR 97215",503) 236-3440,https://www.instagram.com/historictattoo,https://www.facebook.com/fortunetattoo,https://www.tiktok.com/@tysonarndt,http://www.historictattoo.com,Portland,OR,USA,historictattoo@gmail.com,0,2026-06-15 03:01:22
Sea Tramp Tattoo Co walkins after 4,115,"1339 SE 8th Ave, Portland, OR 97214",503) 224-4668,https://www.instagram.com/seatramptattoo,https://www.facebook.com/seatramptattoocompany,https://www.tiktok.com/@havoc.inks,http://www.seatramptattoo.com,Portland,OR,USA,231-9784seatramptattoo@yahoo.com; seatramptattoo@yahoo.com,0,2026-06-15 03:02:41
Bigtime Walk-In Tattoo,259,"3949 N Williams Ave, Portland, OR 97227",503) 265-8146,https://www.instagram.com/bigtimetattoopdx,N/A,N/A,https://bigtimepdx.com,Portland,OR,USA,info@bigtimepdx.com; tysondraws@yahoo.com; user@domain.com,4.9,2026-06-15 03:04:20
Portland Lady Luck Tattoo,190,"613 SE Morrison St, Portland, OR 97214",503) 236-2833,https://www.instagram.com/ladylucktattoopdx,https://www.facebook.com/pdxladylucktattoo,N/A,http://www.ladylucktattoopdx.com,Portland,OR,USA,portlandladyluck@gmail.com,4.7,2026-06-15 03:05:38
Icon Tattoo,165,"813 N Russell St, Portland, OR 97227",503) 477-7157,https://www.instagram.com/icontattoo,N/A,https://www.tiktok.com/@kingz_artistry,http://www.icontattoostudio.com,Portland,OR,USA,Lianajoytattoo@gmail.com; icontattoostudio@gmail.com; user@domain.com,4.8,2026-06-15 03:06:38
Paradise Tattoo,87,"2219 N Vancouver Ave, Portland, OR 97227",N/A,https://www.instagram.com/paradisetattoopdx,N/A,https://www.tiktok.com/@haunteddermis,http://paradisetattoopdx.com,Portland,OR,USA,paradisetattoopdx@gmail.com; user@domain.com,5.0,2026-06-15 03:07:55
Birdhouse Tattoo,409,"5823 SE Powell Blvd, Portland, OR 97206",971) 340-5634,https://www.instagram.com/birdhouse.tattoo,N/A,https://www.tiktok.com/@birdhousetattoo,http://www.thebirdhousetattoo.com,Portland,OR,USA,Hello@thebirdhousetattoo.com; appointments@thebirdhousetattoo.com; user@domain.com,4.9,2026-06-15 03:09:05
Lombard Street Tattoo,216,"8937 N Lombard St, Portland, OR 97203",503) 719-6780,https://www.instagram.com/lombardstreettattoo,N/A,N/A,http://www.lombardstreettattoo.com,Portland,OR,USA,callaghantattoo@gmail.com; info@lombardstreettattoo.com; madisonmakestattoos@gmail.com; marlena.yokel@gmail.com; nicework@jessipreston.com; onatattoosyou@gmail.com; telleztattoo@gmail.com; user@domain.com; zanegreytattoo@gmail.com,4.9,2026-06-15 03:10:51
Atlas Tattoo Studio,297,"4543 N Albina Ave, Portland, OR 97217",503) 281-7499,https://www.instagram.com/atlastattoo,N/A,https://www.tiktok.com/@jameslorono_,http://www.atlastattoo.com,Portland,OR,USA,user@domain.com,4.8,2026-06-15 03:12:18
Ritual Arts,456,"2005 NE 42nd Ave, Portland, OR 97213",503) 384-2551,http://instagram.com/ritualarts_pdx,N/A,https://www.tiktok.com/@riconasty,https://www.ritualartspdx.com,Portland,OR,USA,ritualartspdx@gmail.com; ritualartstattoo@gmail.com; user@domain.com,4.9,2026-06-15 03:14:03
Snowwolf Ink Tattoo Studio,87,"1405 SW 11th Ave, Portland, OR 97201",503) 440-7505,https://www.instagram.com/snowwolfinktattoostudio,N/A,N/A,https://snowwolfink.com,Portland,OR,USA,snowwolfink77@gmail.com; user@domain.com,5.0,2026-06-15 03:15:40
Oddball Tattoo Studios,106,"2716 SE 21st Ave, Portland, OR 97202",503) 231-1344,https://www.instagram.com/oddballtattoo,https://www.facebook.com/oddballtattoo,https://www.tiktok.com/@inkedabroad,http://www.oddballstudios.com,Portland,OR,USA,oddballtattooportland@gmail.com,4.8,2026-06-15 03:16:59
Wonderland Tattoos,82,"7020 SE 52nd Ave, Portland, OR 97206",971) 254-4352,http://instagram.com/wonderlandpdx,N/A,https://www.tiktok.com/@inky.gal,http://www.wonderlandpdx.com,Portland,OR,USA,user@domain.com; wonderlandtattoopdx@gmail.com,4.8,2026-06-15 03:18:22
Passin’ Thru Tattoo,83,"1016 NW 17th Ave, Portland, OR 97209",503) 764-9407,http://instagram.com/passinthrupdx,N/A,https://www.tiktok.com/@scm_ink,http://instagram.com/passinthrupdx,Portland,OR,USA,N/A,0,2026-06-15 03:19:48
Wolf and Shadow Tattoo Collective,45,"2236 NE Broadway, Portland, OR 97232",503) 719-9762,https://www.instagram.com/wolfandshadowpdx,https://www.facebook.com/DiegoTattooGallery,N/A,https://wolfandshadowtattoos.com/ne-portland-tattoo-shop,Portland,OR,USA,N/A,4.9,2026-06-15 03:21:26
Rosewater Tattoo,163,"2915 NE Broadway, Portland, OR 97232",N/A,https://instagram.com/rosewatertattoo,https://www.facebook.com/rosewatertattoo,N/A,http://www.rosewatertattoo.com,Portland,OR,USA,info@rosewatertattoo.com,4.9,2026-06-15 03:23:36
Esoteric Tattoo,184,"922 N Killingsworth St suite 1-c, Portland, OR 97217",503) 474-7386,https://www.instagram.com/esoterictattoo,https://www.facebook.com/groups,https://www.tiktok.com/@andreapellerone,https://www.esoterictattooart.com,Portland,OR,USA,esoterictattooart@gmail.com,4.8,2026-06-15 03:24:54
Plush Tattoo & Intuitive Arts,280,"732 NW 23rd Ave, Portland, OR 97210",808) 426-0341,http://instagram.com/plush.pdx,N/A,https://www.tiktok.com/@Plush.pdx,http://plushtattoo.me,Portland,OR,USA,plushbyamber@gmail.com; user@domain.com,5.0,2026-06-15 03:26:47
99 TATTOO,283,"904 NW Kings Blvd, Corvallis, OR 97330",541) 777-9972,https://www.instagram.com/_99tattoo,N/A,https://www.tiktok.com/@tattoounleashed,https://www.instagram.com/_99tattoo,Adair Village,OR,USA,N/A,4.9,2026-06-15 17:52:31
Sacred Art Tattoo LLC,134,"1425 NW Monroe Ave # C, Corvallis, OR 97330",541) 752-7463,https://www.instagram.com/sacredartcorvallis,https://www.facebook.com/sacredartcorvallis,https://www.tiktok.com/@sacredarttattoo,N/A,Adair Village,OR,USA,N/A,4.5,2026-06-15 17:54:19
The All In Tattoo Company,114,"275 Pacific Blvd SW #102, Albany, OR 97321",503) 884-5011,https://www.instagram.com/theallintattooco,https://www.facebook.com/theallintattooco,https://www.tiktok.com/@allintattooco21,https://www.facebook.com/theallintattooco,Adair Village,OR,USA,allintattooco@gmail.com,4.9,2026-06-15 17:56:07
High Priestess Piercing & Tattoo,465,"2475 NW Monroe Ave, Corvallis, OR 97330",541) 738-7711,https://www.instagram.com/beststudioever,https://www.facebook.com/HighPriestess.HQ,https://www.tiktok.com/@beststudioever,https://www.beststudioever.com/corvallis,Adair Village,OR,USA,clashflashknox@gmail.com,4.4,2026-06-15 17:58:56
Cascade Body Studio @ Kontraband,80,"121 SW 4th St, Corvallis, OR 97333",360) 607-8655,https://www.instagram.com/tattoosbynatalie,https://www.facebook.com/cascadebodystudio,https://www.tiktok.com/@michael_sgoons_tattoo,http://tattoosbynataliecbs.com,Adair Village,OR,USA,hi@mystore.com,4.9,2026-06-15 18:01:13
Storylines Ink Parlor-Corvallis,15,"340 SW 2nd St Ste 1, Corvallis, OR 97333",661) 474-1383,https://www.instagram.com/storylinesinkparlor,https://www.facebook.com/storylineinktattoo,https://www.tiktok.com/@eganjames81,https://storylinesinkparlor.com,Adair Village,OR,USA,N/A,5.0,2026-06-15 18:02:53
Wildcat Electric Tattoo,25,"1333 Main St, Philomath, OR 97370",541) 286-5550,https://www.instagram.com/wildcat_electric_tattoo,https://www.facebook.com/Wildcat.Ink,https://www.tiktok.com/@donebyself,https://form.jotform.com/250055512304140,Adair Village,OR,USA,email@yahoo.com; example@example.com,5.0,2026-06-15 18:04:43
Limitless Tattoo,67,"251 Pacific Blvd SW, Albany, OR 97321",541) 220-3251,https://www.instagram.com/p,http://facebook.com/Limitlesstattoo,https://www.tiktok.com/@edwardkso,http://facebook.com/Limitlesstattoo,Adair Village,OR,USA,N/A,4.8,2026-06-15 18:11:17
Locura Tattoo,9,"408 SW Monroe Avenue Mezzanine Level Benton Plaza, Suite M250, Corvallis, OR 97333",541) 257-8656,https://www.instagram.com/i.ta.tu,N/A,N/A,https://www.instagram.com/i.ta.tu,Adair Village,OR,USA,N/A,5.0,2026-06-15 18:15:52
Tourniquet Tattoo,65,"260 SW Ferry St, Albany, OR 97321",541) 281-3390,N/A,https://www.facebook.com/share,https://www.tiktok.com/@zachbryanarchive,https://www.facebook.com/share/UaBotpaY2WtfYE1V,Adair Village,OR,USA,N/A,5.0,2026-06-15 18:20:18
Art of Tattoo,3,"207 SW 2nd St, Corvallis, OR 97333",620) 655-0380,N/A,N/A,https://www.tiktok.com/@artforthewanderer,https://usacommerx.top/details/art-of-tattoo-ChIJU_K,Adair Village,OR,USA,mapdetailscom@gmail.com,5.0,2026-06-15 18:23:47
Stephanie Renee Tattoo,9,"251 Pacific Blvd SW, Albany, OR 97321",541) 971-2047,https://www.instagram.com/tattooartist_stephanierenee,https://www.facebook.com/groups,https://www.tiktok.com/@reneeorlandotattoo,https://sites.google.com/view/tattooartiststephanierenee/home,Adair Village,OR,USA,N/A,5.0,2026-06-15 18:25:41
Wicked Ink & Esthetics,20,"2288 Pacific Blvd SE, Albany, OR 97321",541) 223-3853,https://www.instagram.com/wickedinkartistry,https://www.facebook.com/groups,https://www.tiktok.com/@justkennyt,N/A,Adair Village,OR,USA,N/A,5.0,2026-06-15 18:28:04
Curious Crow Tattoo,9,"252 SW Madison Ave #120, Corvallis, OR 97333",541) 250-2770,https://www.instagram.com/curiouscrowtattoollc,N/A,https://www.tiktok.com/@elfeeart,http://www.curiouscrowtattoo.com,Adair Village,OR,USA,CuriousCrowTattoo41@gmail.com,5.0,2026-06-15 18:30:41
BRAE Tattoo & Aesthetics,8,"425 SW Madison Ave, Corvallis, OR 97333",N/A,N/A,N/A,N/A,https://www.braetattooandaesthetics.com,Adair Village,OR,USA,N/A,4.5,2026-06-15 18:33:14
Face and Body by Jillian,32,"Private studio in, NW North Albany Rd, Albany, OR 97321",503) 812-9135,N/A,https://www.facebook.com/faceandbodybyjr,N/A,https://www.facebook.com/faceandbodybyjr,Adair Village,OR,USA,N/A,4.8,2026-06-15 18:37:25
Michaels,861,"1550 NW 9th St, Market Place #106, Corvallis, OR 97330",541) 738-0109,https://www.instagram.com/michaelsstores,https://www.facebook.com/Michaels,https://www.tiktok.com/@michaelscraftstore,https://locations.michaels.com/OR/Corvallis/8743,Adair Village,OR,USA,michaels@michaels.com,4.2,2026-06-15 18:41:00
The All In Tattoo Company,114,"275 Pacific Blvd SW #102, Albany, OR 97321",503) 884-5011,N/A,https://www.facebook.com/theallintattooco,N/A,https://www.facebook.com/theallintattooco,Adams,OR,USA,N/A,4.9,2026-06-15 18:46:10
Wildcat Electric Tattoo,25,"1333 Main St, Philomath, OR 97370",541) 286-5550,https://www.instagram.com/wildcat_electric_tattoo,https://www.facebook.com/Wildcat.Ink,https://www.tiktok.com/@donebyself,https://form.jotform.com/250055512304140,Adams,OR,USA,N/A,5.0,2026-06-15 18:48:33
Blue Lace Body Art,17,"92573 River Rd, Junction City, OR 97448",N/A,https://www.instagram.com/emilydianetattoos,https://www.facebook.com/bluelacebodyart,https://www.tiktok.com/@spenserbower,N/A,Adams,OR,USA,N/A,4.8,2026-06-15 18:49:50
Body Art by Melody,28,"92573, 92573 River Rd, Junction City, OR 97448",N/A,N/A,N/A,N/A,http://bodyartbymelody.com,Adams,OR,USA,N/A,5.0,2026-06-15 18:52:02
Darkest Days Tattoo,129,"1107 SW Coast Hwy, Newport, OR 97365",541) 961-4587,https://www.instagram.com/darkestdaystattoo,http://www.facebook.com/wix,https://www.tiktok.com/@destroydraven,https://www.darkestdaystattoo.ink,Adams,OR,USA,N/A,4.9,2026-06-15 18:53:43
Black Forest Tattoo Company,97,"149 N 5th St, Springfield, OR 97477",458) 250-5520,https://www.instagram.com/valson_ink,https://www.facebook.com/share.php,https://www.tiktok.com/@blackforesttat2co,http://www.blackforesttat2co.com,Adams,OR,USA,blackforesttattoocompany@gmail.com; dainieljaytattoo@gmail.com; jakeovertime@gmail.com,5.0,2026-06-15 18:55:52
Subdermal Art Collective Tattoo and Piercing Eugene,200,"341 High St, Eugene, OR 97401",541) 654-5079,https://www.instagram.com/subdermalartcollective,https://www.facebook.com/subdemalartcollective,https://www.tiktok.com/@subdermalartcollective,http://www.subdermalartcollective.com,Adams,OR,USA,artofirabartlett@gmail.com; neartheneedle@gmail.com; piercingsbytrevorthomas@gmail.com; subdermalartcollective@gmail.com; subdermalartcollectrive@gmail.com; unbrokeninkbysiera@gmail.com; www.subdermalartcollective@gmail.com,4.9,2026-06-15 18:57:11
Anchored Ink Tattoo & Piercing by SPLAT LLC,387,"107 W Q St Ste 3, Springfield, OR 97477",541) 790-9566,N/A,N/A,N/A,https://www.anchoredinktattoostudio.com,Adams,OR,USA,N/A,4.9,2026-06-15 18:59:36
Black Label Tattoo,183,"2911 W 11th Ave B, Eugene, OR 97402",541) 393-6807,N/A,N/A,N/A,http://blacklabeltattoo.net,Adams,OR,USA,N/A,4.3,2026-06-15 19:02:28
Viking Tattoo Studio,22,"341 W 6th Ave, Junction City, OR 97448",541) 234-2192,https://www.instagram.com/thevikingtattoostudio,https://www.facebook.com/vikingtattoostudiooregon,https://www.tiktok.com/@inkd.inc,http://vikingtattoostudio.com,Adams,OR,USA,TheVikingTattooStudio@yahoo.com,5.0,2026-06-15 19:03:52
Myth Tattoo,72,"1364 Oak St, Eugene, OR 97401",541) 505-9290,https://www.instagram.com/myth_tattoo_studio,http://www.facebook.com/mythtattoos,https://www.tiktok.com/@inkmastertv,http://www.facebook.com/mythtattoos,Adams,OR,USA,N/A,4.9,2026-06-15 19:05:58
RexDoesTattoos,34,"1675 W 11th Ave, Eugene, OR 97402",541) 844-4266,https://www.instagram.com/rexdoestattoos,N/A,N/A,http://rexdoestattoos.com,Adams,OR,USA,obbxvat@erkqbrfgnggbbf.pbz,4.8,2026-06-15 19:09:19
Ink Rich Tattoo,41,"1210 S Main St, Lebanon, OR 97355",541) 570-3370,N/A,N/A,N/A,N/A,Adams,OR,USA,N/A,5.0,2026-06-15 19:12:33
Wild Rose Tattoo,99,"2849 Oak St, Eugene, OR 97405",N/A,https://www.instagram.com/wildroseeugene,N/A,https://www.tiktok.com/@thatonetattooartist,http://wildrosetattoo.com,Adams,OR,USA,user@domain.com,4.9,2026-06-15 19:19:16
Get Ink Tattoo llc,49,"18 Hayden Bridge Way, Springfield, OR 97477",541) 743-5001,N/A,N/A,N/A,N/A,Adams,OR,USA,N/A,4.8,2026-06-15 19:24:56
Oracle Tattoo & Spa,117,"740 Main St, Springfield, OR 97477",541) 359-5259,N/A,N/A,N/A,https://oracletattoospa.com,Adams,OR,USA,N/A,5.0,2026-06-15 19:28:36
Iron Heart Tattoo,177,"1374 Willamette St #7, Eugene, OR 97401",541) 961-0490,N/A,N/A,N/A,https://ironhearttattooeugene.com,Adams,OR,USA,N/A,5.0,2026-06-15 19:33:00
Heartless and Hopeless Tattoo,92,"329 Main St, Springfield, OR 97477",541) 393-6697,https://www.instagram.com/heartlessandhopelesstattoo,https://www.facebook.com/heartlessandhopelesstattoo,https://www.tiktok.com/@chino_tats,N/A,Adams,OR,USA,N/A,5.0,2026-06-15 19:36:37
Oregon INK Studios,18,"2490 Willamette St #2, Eugene, OR 97405",N/A,N/A,N/A,N/A,N/A,Adams,OR,USA,N/A,5.0,2026-06-15 19:39:25
Reborn Ink,26,"1037 OR-99, Cottage Grove, OR 97424",541) 658-5107,https://www.instagram.com/reborn.ink,https://www.facebook.com/rebornink78,https://www.tiktok.com/@inkcroalpha,https://www.facebook.com/rebornink78,Adams,OR,USA,Reborninkt@hotmail.com; reborninkt@hotmail.com,4.8,2026-06-15 19:43:02
Moon Maiden Tattoo,29,"275 W 8th Ave, Eugene, OR 97401",N/A,N/A,N/A,N/A,http://moonmaidentattoo.com,Adams,OR,USA,N/A,4.9,2026-06-15 19:49:30
Something Beautiful Tattoo,102,"1212 S A St, Springfield, OR 97477",541) 778-9623,N/A,http://facebook.com/RobbieMillsTattoo,N/A,http://facebook.com/RobbieMillsTattoo,Adams,OR,USA,N/A,4.8,2026-06-15 19:52:41
Black Brush Tattoo,104,"1849 Willamette St #100, Eugene, OR 97401",458) 275-8211,N/A,N/A,N/A,http://www.blackbrushtattoo.com,Adams,OR,USA,N/A,4.8,2026-06-15 19:54:53
White Rabbit Tattoo,39,"539 E 11th Ave, Eugene, OR 97401",541) 653-8903,https://www.instagram.com/whiterabbittattoostudio,https://www.facebook.com/whiterabbittattoo,https://www.tiktok.com/@morgan.york,http://www.whiterabbittattoo.net,Adams,OR,USA,N/A,4.8,2026-06-15 19:59:28
Tattoo OM,27,"1695 Willamette St, Eugene, OR 97401",541) 654-8106,N/A,N/A,N/A,http://tattoo-om.com,Adams,OR,USA,N/A,5.0,2026-06-15 20:01:34
Wicked Sister Tattoo,50,"1325 W 7th Ave, Eugene, OR 97402",541) 915-8858,N/A,N/A,N/A,N/A,Adams,OR,USA,N/A,4.9,2026-06-15 20:04:04
Gilded Heart Tattoo,99,"211 E 1st St, Newberg, OR 97132",971) 832-8002,https://www.instagram.com/gildedhearttattoo,N/A,N/A,https://www.gildedhearttattoo.com,Arlington,OR,USA,Tat2clan@yahoo.com; tat2clan@yahoo.com; user@domain.com,4.5,2026-06-15 20:12:40
Dagger Tattoo,48,"21 S 2nd St, Ashland, OR 97520",458) 299-6911,https://www.instagram.com/p,https://www.facebook.com/rosedaggertattoo,https://www.tiktok.com/@coltonjamesphillips,https://daggertattoo.my.canva.site,Ashland,OR,USA,N/A,5.0,2026-06-15 20:21:32
Housecat Tattoo,3,"422 Bridge St, Ashland, OR 97520",N/A,https://instagram.com/housecat.tattoo,https://www.facebook.com/groups,https://www.tiktok.com/@angelique_grimm_tattoo,https://instagram.com/housecat.tattoo,Ashland,OR,USA,N/A,5.0,2026-06-15 20:22:52
NuTattoo Aftercare Products,33,"248 N 2nd St Suite B, Ashland, OR 97520",541) 482-8288,N/A,N/A,N/A,N/A,Ashland,OR,USA,N/A,4.8,2026-06-15 20:24:59
Sink-Ink,61,"267 E Ida St, Stayton, OR 97383",503) 559-9003,https://instagram.com/mac_missa,https://facebook.com/SinkInkTattoo,https://www.tiktok.com/@sadie.sinkofficial,http://www.sink-ink.com,Aumsville,OR,USA,bookingsinkink@gmail.com,4.8,2026-06-15 20:31:14
Roots Deep Tattoo,151,"2017 25th St SE, Salem, OR 97302",503) 385-1005,https://www.instagram.com/rootsdeeptattoo,https://www.facebook.com/RootsDeepTattoo,https://www.tiktok.com/@psychara_,https://www.rootsdeeptattoo.com,Aumsville,OR,USA,N/A,4.8,2026-06-15 20:33:01
Fortunes Favor Tattoo Studio,19,"1330 12th St SE, Salem, OR 97302",971) 208-2212,N/A,N/A,N/A,N/A,Aumsville,OR,USA,N/A,5.0,2026-06-15 20:34:34
Inspired Ink Tattoo Studio,34,"450 OR-42, Coquille, OR 97423",N/A,https://www.instagram.com/inspiredinkcoquille,https://www.facebook.com/p,https://www.tiktok.com/@inkslingertattoostudio,http://inspiredinkcoquille.com,Bandon,OR,USA,N/A,4.9,2026-06-15 20:38:28
Arcane Design Tattoo Collective,95,"163 E Market Ave, Coos Bay, OR 97420",541) 297-5857,N/A,N/A,N/A,N/A,Bandon,OR,USA,N/A,4.9,2026-06-15 20:40:03
Beloved Tattoo,8,"1917 Court Ave, Baker City, OR 97814",N/A,N/A,N/A,N/A,http://beloved-tattoo15.square.site,Bandon,OR,USA,N/A,5.0,2026-06-15 20:43:08
MTNTOP TATTOO,33,"402 Garibaldi Ave, Garibaldi, OR 97118",503) 812-7068,https://instagram.com/mtntoptattoo,N/A,https://www.tiktok.com/@tattales,https://instagram.com/mtntoptattoo,Bonanza,OR,USA,N/A,4.9,2026-06-15 20:53:21
Tats by M,31,"36315 N Hwy 101 Cabin 2, Nehalem, OR 97131",503) 338-8156,https://www.instagram.com/tats.bymaisie,https://www.facebook.com/groups,https://www.tiktok.com/@almightyam.ink,https://tatsbym.square.site,Bonanza,OR,USA,ats.bym@gmail.com; hi@mystore.com,0,2026-06-15 20:55:08
Salty Toad Body Art,31,"1010 3rd Ave Suite B, Seaside, OR 97138",503) 440-3003,http://instagram.com/saltytoadbodyart,N/A,https://www.tiktok.com/@bicoastalchaos,http://www.angrytoadsucks.com,Bonanza,OR,USA,user@domain.com,5.0,2026-06-15 20:56:15
Boymamaink,1,"412 Nw industrial park way #2, Toledo, OR 97391",503) 995-2009,https://www.instagram.com/boymamaink,https://www.facebook.com/p,https://www.tiktok.com/en,N/A,Bonanza,OR,USA,N/A,5.0,2026-06-15 20:57:08
Against the Tides,44,"550 Broadway St Unit B, Seaside, OR 97138",503) 717-5058,https://www.instagram.com/p,https://www.facebook.com/usatodaysports,https://www.tiktok.com/en,N/A,Bonanza,OR,USA,N/A,0,2026-06-15 20:58:14
Electric Quill Tattoo & Piercing,54,"35890 7th St, Nehalem, OR 97131",971) 324-0300,https://www.instagram.com/electricquilltattoo,N/A,https://www.tiktok.com/@ryanblackwelltattoos,https://electricquilltattoos.com,Bonanza,OR,USA,amkryukov@gmail.com; electricquilltattoo@gmail.com; jonpinhorn.typedesign@gmail.com,5.0,2026-06-15 20:59:38
Toth Art Collective,39,"1816 3rd St, Tillamook, OR 97141",541) 207-7477,https://www.instagram.com/cameltoth,https://www.facebook.com/MikeTothArtCollective,https://www.tiktok.com/@_royal_art_collective_,N/A,Bonanza,OR,USA,N/A,4.7,2026-06-15 21:00:32
The Astoria Piercing Studio by Salty Toad,14,"249 14th St #5, Astoria, OR 97103",503) 440-5257,http://instagram.com/saltytoadbodyart,N/A,https://www.tiktok.com/@delastoryofficial,https://angrytoadsucks.com,Bonanza,OR,USA,user@domain.com,4.9,2026-06-15 21:01:46
Elysian tattoo studio,52,"210 S Spring St, Klamath Falls, OR 97601",541) 892-8800,https://www.instagram.com/elysian_tattoo_gallery,https://www.facebook.com/p,https://www.tiktok.com/@kaashmoney_8,N/A,Bonanza,OR,USA,N/A,0,2026-06-15 21:03:06
Suite D Tattoo,3,"35170 Brooten Rd Suite D, Pacific City, OR 97135",541) 921-1935,https://www.instagram.com/p,https://www.facebook.com/SuiteDTattooPC,https://www.tiktok.com/@katvond,http://www.suitedtattoo.com,Bonanza,OR,USA,N/A,5.0,2026-06-15 21:04:15
Back40Tattoo,264,"901 Brutscher St suite 209, Newberg, OR 97132",503) 759-6224,https://www.instagram.com/tiktok,https://www.facebook.com/Back40Tattoo,https://www.tiktok.com/en,http://back40tattoo.com,Bonanza,OR,USA,Back40tattoo@gmail.com; back40tattoo@gmail.com,4.8,2026-06-15 21:05:33
Fortunes Favor Tattoo Studio,19,"1330 12th St SE, Salem, OR 97302",971) 208-2212,https://www.instagram.com/cspleasant,https://www.facebook.com/p,https://www.tiktok.com/@tattoosbythea,N/A,Bonanza,OR,USA,N/A,5.0,2026-06-15 21:06:36
Five Star Henna,82,"1151 S Irvine Pl, Seaside, OR 97138",541) 220-8285,https://www.instagram.com/fivestarhenna,https://www.facebook.com/fivestarhenna,https://www.tiktok.com/@hennaart_co,N/A,Bonanza,OR,USA,N/A,4.4,2026-06-15 21:07:35
Lucky Dog Tattoo,104,"260 S Roosevelt Dr, Seaside, OR 97138",503) 738-8220,N/A,https://www.facebook.com/LuckyDogTattooSeaside,https://www.tiktok.com/@mothershipsg,https://m.facebook.com/LuckyDogTattooSeaside,Bonanza,OR,USA,N/A,4.6,2026-06-15 21:09:05
String Of Hearts Tattoo,28,"116 Depot St, La Grande, OR 97850",541) 962-9408,N/A,N/A,https://www.tiktok.com/@martianartstattoo,https://www.facebook.com/profile.php,Bonanza,OR,USA,N/A,4.7,2026-06-15 21:10:22
Anchored Ink Tattoo & Piercing by SPLAT LLC,387,"107 W Q St Ste 3, Springfield, OR 97477",541) 790-9566,https://www.instagram.com/anchoredinktattoo,https://www.facebook.com/AnchoredInkEugene,N/A,https://www.anchoredinktattoostudio.com,Bonanza,OR,USA,smushstone@gmail.com,0,2026-06-15 21:12:00
Sea Serpent Saloon,26,"232 NW Coast St, Newport, OR 97365",N/A,https://instagram.com/seaserpentsaloon,http://www.facebook.com/danamelissadixon,https://www.tiktok.com/@seaserpentsaloon,http://www.seaserpentsaloon.com,Bonanza,OR,USA,seaserpentsaloon@gmail.com,4.7,2026-06-15 21:13:25
Hell Bent Tattoo,27,"330 OR-99 Ste E, Cottage Grove, OR 97424",541) 357-9818,https://www.instagram.com/hellbent.tattoo,https://www.facebook.com/p,https://www.tiktok.com/@hellbent_tattoo,https://www.bratinks.com,Bonanza,OR,USA,N/A,0,2026-06-15 21:14:41
Reborn Ink,26,"1037 OR-99, Cottage Grove, OR 97424",541) 658-5107,https://www.instagram.com/reborn.ink,https://www.facebook.com/rebornink78,https://www.tiktok.com/@ink.reborn,https://www.facebook.com/rebornink78,Bonanza,OR,USA,Reborninkt@hotmail.com; reborninkt@hotmail.com,4.8,2026-06-15 21:16:19
Leaf & Lily Tattoo,26,"106 Depot St, Rogue River, OR 97537",N/A,https://www.instagram.com/jaimebryn,https://www.facebook.com/JaimeBrynArt,https://www.tiktok.com/@2gungomes,http://leafandlily.ink,Bonanza,OR,USA,N/A,0,2026-06-15 21:17:50
Sweet Home Tattoo,23,"1228 Main St, Sweet Home, OR 97386",503) 984-1576,https://www.instagram.com/sweethometattooshop,https://www.facebook.com/sweethometattooshop,https://www.tiktok.com/@wildeblumetattoo,N/A,Bonanza,OR,USA,N/A,0,2026-06-15 21:19:09
Wicked Ink Tattoo,3,"185 SW Hwy 101, Waldport, OR 97394",541) 538-1370,https://www.instagram.com/risleytallon,N/A,https://www.tiktok.com/@wickedink52241,https://www.instagram.com/risleytallon,Bonanza,OR,USA,N/A,5.0,2026-06-15 21:20:28
Fallen Cherub Tattoo Co.,13,"403 W 1st Ave Suite 1, Albany, OR 97321",541) 979-4660,https://www.instagram.com/fallencherubtattoo,https://www.facebook.com/share,https://www.tiktok.com/@dallaslovelist,https://www.facebook.com/share/15o9NtpH5C,Bonanza,OR,USA,Fallencherubtattoo@gmail.com; fallencherubtattoo@gmail.com,0,2026-06-15 21:22:02
Xeper tattoo & personal development,157,"7150 Gleneden Beach Loop, Gleneden Beach, OR 97388",971) 277-0059,N/A,https://www.facebook.com/natayotattoos,https://www.tiktok.com/@daper_tattoo_studio,https://www.facebook.com/natayotattoos,Bonanza,OR,USA,N/A,0,2026-06-15 21:24:11
Oracle Tattoo & Spa,117,"740 Main St, Springfield, OR 97477",541) 359-5259,https://www.instagram.com/oracletattoospa,https://www.facebook.com/watch,https://www.tiktok.com/@oracletattoo,https://oracletattoospa.com,Bonanza,OR,USA,jamrosetattoos@gmail.com,5.0,2026-06-15 21:25:39
Passionate Craft Tattoo Studio,30,"420 SE 1st Ave Suite B, Albany, OR 97321",541) 409-6311,https://www.instagram.com/neil_carillo,https://www.facebook.com/share,https://www.tiktok.com/@edenbodyartstudios,https://www.facebook.com/share/16NMPAAzJE,Bonanza,OR,USA,N/A,0,2026-06-15 21:28:15
Fern and Dagger Studios,15,"133 NE 3rd St, Gresham, OR 97030",503) 328-8542,http://instagram.com/fernanddaggerstudios,N/A,https://www.tiktok.com/@artforthewanderer,https://www.fernanddaggerstudios.com,Bonanza,OR,USA,fernanddaggerstudios@gmail.com; user@domain.com,5.0,2026-06-15 21:29:27
Bodacious Tattoos,26,"915 SE 9th Ave, Albany, OR 97322",541) 401-1238,https://www.instagram.com/bodacioustattoos,https://www.facebook.com/kylershinntattoos,https://www.tiktok.com/@inknationstudio,http://bodacioustattoos.com,Bonanza,OR,USA,N/A,5.0,2026-06-15 21:30:50
Gold Star Tattoo,33,"41 SW D St Ste 102, Madras, OR 97741",541) 699-1155,https://www.instagram.com/p,https://www.facebook.com/p,https://www.tiktok.com/@tattoomaster.1312,http://goldstartattooco.com,Bonanza,OR,USA,N/A,0,2026-06-15 21:33:03
Limitless Tattoo,67,"251 Pacific Blvd SW, Albany, OR 97321",541) 220-3251,https://www.instagram.com/limitless_tattoostudio,http://facebook.com/Limitlesstattoo,https://www.tiktok.com/@edwardkso,http://facebook.com/Limitlesstattoo,Bonanza,OR,USA,N/A,4.8,2026-06-15 21:35:06
Eastwood Tattoos,39,"101 W Main Ave Suite 203, Sisters, OR 97759",541) 719-8845,https://www.instagram.com/eastwoodography,https://www.facebook.com/p,https://www.tiktok.com/@eastwoodography,http://eastwoodtattoos.com,Bonanza,OR,USA,N/A,4.8,2026-06-15 21:36:51
Cascade Tattoo Company (Hanks Family Tattoo),169,"1101 W 6th St Suite 300, The Dalles, OR 97058",808) 255-1624,https://www.instagram.com/jacobhankstattoo,http://www.facebook.com/hanksfamilytattooco,N/A,http://www.facebook.com/hanksfamilytattooco,Bonanza,OR,USA,the.aloha.state.of.mind@gmail.com,5.0,2026-06-15 21:38:51
Neighborhood Tattoo Parlor,0,"296 N 2nd St, Jefferson, OR 97352",N/A,https://instagram.com/claytontattooer,N/A,https://www.tiktok.com/@ironthorntattoo,https://instagram.com/claytontattooer,Bonanza,OR,USA,N/A,0,2026-06-15 21:39:59
Blue Lotus Tattoo,12,"2304 Broadway St, Baker City, OR 97814",541) 519-2781,https://www.instagram.com/bluelotus_tattoo,https://www.facebook.com/bluelotustat,https://www.tiktok.com/@fennekimtattoos,https://bluelotustattoo.as.me,Bonanza,OR,USA,N/A,4.3,2026-06-15 21:41:23
Dead Gods Tattoo,79,"1914 Willamette Falls Dr #230, West Linn, OR 97068",503) 344-4170,https://www.instagram.com/deadgodstattoo,https://www.facebook.com/DeadGodsTattoo,https://www.tiktok.com/@ink_fae,http://deadgodstattoo.com,Bonanza,OR,USA,tigard@deadgodstattoo.com; westlinn@deadgodstattoo.com,0,2026-06-15 21:42:39
Morningstar Tattoo,31,"1113 Hill St SE suite i, Albany, OR 97322",N/A,https://www.instagram.com/masteringmyself,https://www.facebook.com/tattoosbymadisondoty,https://www.tiktok.com/@masteringmyself,https://linktr.ee/tattoosbymadisondoty,Bonanza,OR,USA,Tattoo.madi.17@gmail.com,4.9,2026-06-15 21:43:36
Hardline tattoo studio,64,"840 NE 8th St, Grants Pass, OR 97526",N/A,https://www.instagram.com/hardline_tattoo_studio,https://www.facebook.com/HardlineTattooCo,https://www.tiktok.com/@a_brew_story,https://mailchi.mp/hardline-studio/signup,Bonanza,OR,USA,N/A,0,2026-06-15 21:44:57
Flying Snail Tattoo LLC,40,"Upstairs, 4480 US-101 Bldg A Suite 1, Florence, OR 97439",541) 671-7984,https://www.instagram.com/flyingsnailtattoo,https://www.facebook.com/p,https://www.tiktok.com/@libbygracetattoo,N/A,Bonanza,OR,USA,N/A,0,2026-06-15 21:46:29
Freak of Ink | Tattoo & Ink Shop | Albany OR,73,"2120 SE Geary St, Albany, OR 97322",541) 979-5042,https://www.instagram.com/freakofink,https://www.facebook.com/p,https://www.tiktok.com/@freakofink1911,N/A,Bonanza,OR,USA,N/A,4.8,2026-06-15 21:47:48
Harbor Tattoo Gallery,62,"545 Chetco Ave, Brookings, OR 97415",541) 251-7713,https://www.instagram.com/popular,https://www.facebook.com/p,https://www.tiktok.com/@beanz_tattoos,N/A,Bonanza,OR,USA,N/A,4.5,2026-06-15 21:48:57
Oblivion art,9,"17 S Platt St suite a, Eagle Point, OR 97524",541) 951-0895,https://www.instagram.com/oblivionwest,https://www.facebook.com/pages,https://www.tiktok.com/@iamwillblood,https://oblivionart.com,Bonanza,OR,USA,wweeiihhuuaanngg@gmail.com,4.4,2026-06-15 21:50:55
PermaGrafix Tattoo,61,"2217 Santiam Hwy SE, Albany, OR 97322",541) 990-0826,https://www.instagram.com/p,https://www.facebook.com/permagrafixtattoo,https://www.tiktok.com/@permagrafix,http://www.permagrafix.com,Bonanza,OR,USA,N/A,0,2026-06-15 21:51:59
Maitland's Tattoo,36,"150 SE Dayton St, John Day, OR 97845",541) 965-9562,https://www.instagram.com/ridenourmaitland,https://www.facebook.com/groups,https://www.tiktok.com/@flamygrant,N/A,Bonanza,OR,USA,N/A,0,2026-06-15 21:53:27
Euphoria Body Piercing & Tattoo,167,"12000 SE 82nd Ave D217, Happy Valley, OR 97086",503) 659-3848,https://www.instagram.com/euphoria_clackamas,N/A,https://www.tiktok.com/@euphoria.clackamas,http://euphoria-piercing-tattoo.com,Bonanza,OR,USA,Euphoria.Clackamas@gmail.com; Euphoria.Lloyd@gmail.com; Euphoria.Piercing.Tattoo@gmail.com; filler@godaddy.com; micah@micahrich.com,4.5,2026-06-15 21:54:25
Four Flames Tattoo Studio,95,"2905 S Hwy 97 Ste 110, Redmond, OR 97756",541) 930-4224,https://www.instagram.com/p,N/A,https://www.tiktok.com/@inkedmagazine,http://www.fourflamestattoo.com,Bonanza,OR,USA,user@domain.com,0,2026-06-15 21:56:05
The Fabled Tattooist,3,"21 S 7th St, Central Point, OR 97502",N/A,https://www.instagram.com/thefabledtattooist,https://www.facebook.com/groups,https://www.tiktok.com/@inkedabroad,https://thefabledtattooist.carrd.co,Bonanza,OR,USA,thefabledtattooist@gmail.com,5.0,2026-06-15 21:58:02
The All In Tattoo Company,114,"275 Pacific Blvd SW #102, Albany, OR 97321",503) 884-5011,https://www.instagram.com/theallintattooco,https://www.facebook.com/theallintattooco,https://www.tiktok.com/@allintattooco21,https://www.facebook.com/theallintattooco,Bonanza,OR,USA,allintattooco@gmail.com,4.9,2026-06-15 21:59:31
Jaded Soul’s Living Art Tattoo,334,"25 NW 1st St, Gresham, OR 97030",503) 492-6420,https://www.instagram.com/jadedsoulslivingarttattoo,http://www.facebook.com/pages,https://www.tiktok.com/@gabedesimone337,http://www.jadedsoultattoo.com,Bonanza,OR,USA,Tattoogresham@gmail.com; tattoogresham@gmail.com,4.5,2026-06-15 22:01:39
Fine Lines Tattoo & Spa,2,"445 NW 3rd St, Prineville, OR 97754",541) 678-8755,https://www.instagram.com/finelinesbyrachel,https://www.facebook.com/share,https://www.tiktok.com/@tattooing101,https://www.facebook.com/share/14KmZeUVN5H,Bonanza,OR,USA,N/A,5.0,2026-06-15 22:03:11
Smith Rock Tattoo Co,6,"8255 NW 11th St Ste 1, Terrebonne, OR 97760",N/A,https://www.instagram.com/smithrocktattooco,N/A,https://www.tiktok.com/@thebuckarootattoo,https://www.instagram.com/smithrocktattooco,Bonanza,OR,USA,N/A,4.3,2026-06-15 22:04:23
Dogwood Tattoo Company,5,"115 W California St, Jacksonville, OR 97530",N/A,https://www.instagram.com/p,https://www.facebook.com/groups,https://www.tiktok.com/@michaelmosertattoo,N/A,Bonanza,OR,USA,N/A,5.0,2026-06-15 22:05:43
6 of Spades Tattoo,0,"1045 Gateway Loop, Springfield, OR 97477",541) 852-9420,https://www.instagram.com/popular,https://www.facebook.com/groups,https://www.tiktok.com/@coventattoosbicester,N/A,Bonanza,OR,USA,N/A,0,2026-06-15 22:07:53
Out of Step Tattoo,12,"1257 High St, Eugene, OR 97401",541) 653-8914,https://www.instagram.com/oostattoo,https://www.facebook.com/p,https://www.tiktok.com/@out.of.step.tattoo,https://www.oostattoo.com,Bonanza,OR,USA,N/A,4.7,2026-06-15 22:10:10
Irish Ink Tattoo Studio,236,"408 SE G St A, Grants Pass, OR 97526",541) 476-6654,N/A,https://www.facebook.com/irishinkgp,https://www.tiktok.com/@kellieink,https://caseysheehan.wixsite.com/irishinkgp,Bonanza,OR,USA,N/A,4.9,2026-06-15 22:12:57
Captain Jack's Tattoo School,159,"6111 SE 82nd Ave, Portland, OR 97266",503) 777-9777,https://www.instagram.com/captainjackspdx,https://www.facebook.com/captainjackstattooschool,https://www.tiktok.com/@prescillatats,http://captainjackstattoo.com,Bonanza,OR,USA,ohla.info@state.or.us; pdx219ss@aol.com,0,2026-06-15 22:15:47
Out of Step Tattoo & Gallery,115,"1022 Willamette St, Eugene, OR 97401",541) 461-1660,https://www.instagram.com/oostattoo,N/A,https://www.tiktok.com/@out.of.step.tattoo,https://www.oostattoo.com,Bonanza,OR,USA,steve@oosbooks.com; user@domain.com,4.7,2026-06-15 22:18:13
Erotic Taste Tattoo,4,"800 Chetco Ave A, Brookings, OR 97415",530) 713-5336,https://www.instagram.com/erotic_taste.tattoo,https://www.facebook.com/groups,https://www.tiktok.com/@callmecandace.tv,N/A,Brookings,OR,USA,N/A,5.0,2026-06-15 22:21:20
Harbor Tattoo Gallery,62,"545 Chetco Ave, Brookings, OR 97415",541) 251-7713,https://www.instagram.com/popular,https://www.facebook.com/p,https://www.tiktok.com/@beanz_tattoos,N/A,Brookings,OR,USA,N/A,4.5,2026-06-15 22:22:16
Tattoos by Shalynn Doan,2,"800 Chetco Ave C, Brookings, OR 97415",N/A,https://www.instagram.com/spellboundtattoo,https://www.facebook.com/shalynn.doan,https://www.tiktok.com/@akamrstealyourgirl,https://squareup.com/appointments/book/bkucdsi56hi3vj/LQV43PRF8B6BS/services,Brookings,OR,USA,wildharebarbertattoo@gmail.com,5.0,2026-06-15 22:25:54
Rebel Ink Tattoo Studio,31,"17002 Eastwood Ln, Brookings, OR 97415",541) 698-7820,https://www.instagram.com/rebel.ink.victoria,https://www.facebook.com/rebelinktat,https://www.tiktok.com/@rebelinktattoo,N/A,Brookings,OR,USA,N/A,4.9,2026-06-15 22:27:06
Janky Bird,14,"134 Spaulding Ave, Brownsville, OR 97327",571) 482-8866,https://www.instagram.com/jankybirdtattoo,https://www.facebook.com/jankybird,https://www.tiktok.com/@60secdocs,http://jankybird.com,Brownsville,OR,USA,tara@jankybird.com,4.7,2026-06-15 22:30:14
Ink Rich Tattoo,41,"1210 S Main St, Lebanon, OR 97355",541) 570-3370,https://www.instagram.com/inkrichtattoo,https://www.facebook.com/inkrichtattoo,https://www.tiktok.com/@tattme.app,N/A,Brownsville,OR,USA,N/A,5.0,2026-06-15 22:32:09
Wildcat Electric Tattoo,25,"1333 Main St, Philomath, OR 97370",541) 286-5550,https://www.instagram.com/wildcat_electric_tattoo,https://www.facebook.com/Wildcat.Ink,https://www.tiktok.com/@donebyself,https://form.jotform.com/250055512304140,Brownsville,OR,USA,email@yahoo.com; example@example.com,5.0,2026-06-15 22:33:07
Phyllis Scherer - Permanent Makeup Studio 80 LLC,47,"610 Vaughan Ln 80 Unit 80, Lebanon, OR 97355",503) 732-9977,https://www.instagram.com/p,https://www.facebook.com/archesforangels,N/A,https://pmustudio80.com,Brownsville,OR,USA,N/A,5.0,2026-06-15 22:34:46
Studio Lumos Tattoo,229,"312 SW Jefferson Ave, Corvallis, OR 97333",541) 905-3983,https://www.instagram.com/moonflower.pdxtattoo,N/A,https://www.tiktok.com/@studiolumostattoo,https://studiolumostattoo.com,Brownsville,OR,USA,studiolumostattoo@gmail.com; user@domain.com,4.8,2026-06-15 22:36:07
Rising Tides,194,"120 SW 4th St, Corvallis, OR 97333",541) 236-2379,https://www.instagram.com/risingtides.ent,https://www.facebook.com/discovernewport,https://www.tiktok.com/@pegasusgamesnyc,http://risingtides541.com,Brownsville,OR,USA,N/A,4.9,2026-06-15 22:37:48
Cascade Body Studio @ Kontraband,80,"121 SW 4th St, Corvallis, OR 97333",360) 607-8655,https://www.instagram.com/tattoosbynatalie,https://www.facebook.com/cascadebodystudio,https://www.tiktok.com/@whyypublicmedia,http://tattoosbynataliecbs.com,Brownsville,OR,USA,hi@mystore.com,4.9,2026-06-15 22:39:09
Cross Over Tattoo Studio,150,"24048 US-20, Philomath, OR 97370",541) 961-0127,https://www.instagram.com/justin_d_crossovertattoo_art,https://www.facebook.com/crossovertattoostudio,https://www.tiktok.com/@justinkd_tatts,http://crossovertattoostudio.com,Brownsville,OR,USA,cross_over_tattoo@yahoo.com,4.9,2026-06-15 22:40:26
Sacred Art Tattoo LLC,134,"1425 NW Monroe Ave # C, Corvallis, OR 97330",541) 752-7463,N/A,N/A,N/A,N/A,Brownsville,OR,USA,N/A,4.5,2026-06-15 22:42:28
99 TATTOO,283,"904 NW Kings Blvd, Corvallis, OR 97330",541) 777-9972,https://www.instagram.com/_99tattoo,https://www.facebook.com/99problemstattoo,https://www.tiktok.com/@sacredtraditionstattoo,https://www.instagram.com/_99tattoo,Brownsville,OR,USA,N/A,4.9,2026-06-15 22:44:58
No Hope No Fear Tattoo Art Studio,35,"828 SE 1st St, McMinnville, OR 97128",503) 583-2833,https://www.instagram.com/nohopenofeartattoo,https://www.facebook.com/pages,https://www.tiktok.com/@burnedheartstattoo,http://www.nohopenofeartattoo.com,Brownsville,OR,USA,info@nohopenofeartattoo.com,4.8,2026-06-15 22:46:10
MTNTOP TATTOO,33,"402 Garibaldi Ave, Garibaldi, OR 97118",503) 812-7068,https://instagram.com/mtntoptattoo,https://www.facebook.com/p,https://www.tiktok.com/@findingfiona,https://instagram.com/mtntoptattoo,Brownsville,OR,USA,N/A,4.9,2026-06-15 22:48:28
Saltwater Tattoo Collective,12,"34950 Brooten Rd, Cloverdale, OR 97112",503) 437-4781,https://instagram.com/tattoosbyjessward,https://www.facebook.com/groups,https://www.tiktok.com/@tonebone0605,https://www.tattoosbyjessward.com,Brownsville,OR,USA,N/A,5.0,2026-06-15 22:51:58
Toth Art Collective,39,"1816 3rd St, Tillamook, OR 97141",541) 207-7477,https://www.instagram.com/cameltoth,https://www.facebook.com/MikeTothArtCollective,https://www.tiktok.com/@_royal_art_collective_,N/A,Brownsville,OR,USA,N/A,4.7,2026-06-15 22:52:59
Storylines Ink Parlor-Corvallis,15,"340 SW 2nd St Ste 1, Corvallis, OR 97333",661) 474-1383,https://www.instagram.com/james.paul.egan,https://www.facebook.com/share,https://www.tiktok.com/@eganjames81,https://storylinesinkparlor.com,Brownsville,OR,USA,N/A,5.0,2026-06-15 22:55:17
7th Heaven,11,"102 Bishop Way, Brownsville, OR 97327",541) 466-3388,N/A,N/A,N/A,N/A,Brownsville,OR,USA,N/A,5.0,2026-06-15 22:56:37
Main Street Tattoo,42,"259 S Main St, Independence, OR 97351",503) 838-9891,N/A,N/A,N/A,N/A,Burns,OR,USA,N/A,4.7,2026-06-15 23:00:44
Reborn Ink,55,"104 S Mill St suite 102, Creswell, OR 97426",541) 658-5107,N/A,https://www.facebook.com/rebornink78,https://www.tiktok.com/@ink.reborn,https://www.facebook.com/rebornink78,Burns,OR,USA,N/A,5.0,2026-06-15 23:02:16
Sundew Tattoo,107,"1276 Main St E, Monmouth, OR 97361",N/A,https://www.instagram.com/sundew.tattoo,https://www.facebook.com/moedoetattoo,https://www.tiktok.com/@bogmanplantenstein,https://sundewtattoo.com,Burns,OR,USA,N/A,5.0,2026-06-15 23:04:27
Sink-Ink,61,"267 E Ida St, Stayton, OR 97383",503) 559-9003,https://www.instagram.com/tiktok,N/A,https://www.tiktok.com/@scm_ink,http://www.sink-ink.com,Burns,OR,USA,N/A,4.8,2026-06-15 23:06:40
Limitless Tattoo,67,"251 Pacific Blvd SW, Albany, OR 97321",541) 220-3251,N/A,http://facebook.com/Limitlesstattoo,N/A,http://facebook.com/Limitlesstattoo,Burns,OR,USA,N/A,4.8,2026-06-15 23:10:57
Parlour Tattoo,174,"1097 Willamette St, Eugene, OR 97401",541) 345-6465,https://www.instagram.com/p,https://www.facebook.com/Theparlourtattoo,https://www.tiktok.com/@thatonetattooparlor,http://www.theparlourtattoo.com,Burns,OR,USA,N/A,0,2026-06-15 23:32:52
Bend Tattoo Company,184,"875 SE 3rd St #200, Bend, OR 97702",541) 848-8361,https://www.instagram.com/sethrowan1,https://www.facebook.com/BendTattooCompany,https://www.tiktok.com/@tiffanytattoos,http://www.bendtattoo.com,Burns,OR,USA,donotreply@nccdn.net; email@bendtattoo.com; info@sethrowan.com,4.9,2026-06-15 23:39:05
Blue Lace Body Art,17,"92573 River Rd, Junction City, OR 97448",N/A,N/A,N/A,N/A,N/A,Coburg,OR,USA,N/A,4.8,2026-06-15 23:54:17
Body Art by Melody,28,"92573, 92573 River Rd, Junction City, OR 97448",N/A,https://www.instagram.com/bodyartbymelody,https://www.facebook.com/bodyartbymelody,https://www.tiktok.com/@edenbodyartstudios,http://bodyartbymelody.com,Coburg,OR,USA,bodyartbymelody@gmail.com,5.0,2026-06-15 23:56:08
Modern Classics Tattoo,23,"1033 River Rd, Eugene, OR 97404",541) 221-4279,N/A,https://www.facebook.com/modernclassictattoo,https://www.tiktok.com/@inkmastertv,N/A,Coburg,OR,USA,N/A,5.0,2026-06-15 23:57:31
Monarch Cosmetic Tattoos,83,"2706 Willakenzie Rd, Eugene, OR 97401",541) 583-0090,N/A,N/A,N/A,https://monarchcosmetictattoos.com,Coburg,OR,USA,N/A,4.7,2026-06-15 23:59:22
No Hope No Fear Tattoo Art Studio,35,"828 SE 1st St, McMinnville, OR 97128",503) 583-2833,https://www.instagram.com/nohopenofeartattoo,https://www.facebook.com/pages,https://www.tiktok.com/@burnedheartstattoo,http://www.nohopenofeartattoo.com,Coburg,OR,USA,info@nohopenofeartattoo.com,4.8,2026-06-16 00:01:38
Studio Gibby,15,"Area 51, Eugene, OR 97408",801) 719-0771,N/A,N/A,N/A,N/A,Coburg,OR,USA,N/A,5.0,2026-06-16 00:03:03
String Of Hearts Tattoo,28,"116 Depot St, La Grande, OR 97850",541) 962-9408,https://www.instagram.com/p,N/A,https://www.tiktok.com/@martianartstattoo,https://www.facebook.com/profile.php,Condon,OR,USA,N/A,4.7,2026-06-16 00:07:21
PENSXNEEDLES,8,"455 S 4th St #2, Coos Bay, OR 97420",N/A,https://www.instagram.com/pensxneedles,https://www.facebook.com/groups,https://www.tiktok.com/en,http://www.pensxneedles.com,Coos Bay,OR,USA,N/A,5.0,2026-06-16 00:17:37
Floating Lotus Tattoo Studio,40,"833 SE Main St #104, Portland, OR 97214",503) 807-7863,https://www.instagram.com/p,https://www.facebook.com/Floating-Lotus-Tattoo-Studio-169999479714481,https://www.tiktok.com/@pintadontattoo,http://www.floatinglotustattoo.com,Cornelius,OR,USA,victoria@floatinglotustattoo.com,4.8,2026-06-16 00:21:28
99 TATTOO,283,"904 NW Kings Blvd, Corvallis, OR 97330",541) 777-9972,https://www.instagram.com/_99tattoo,N/A,https://www.tiktok.com/@tatubabyofficial,https://www.instagram.com/_99tattoo,Corvallis,OR,USA,N/A,4.9,2026-06-16 00:36:59
Studio Lumos Tattoo,229,"312 SW Jefferson Ave, Corvallis, OR 97333",541) 905-3983,N/A,N/A,N/A,https://studiolumostattoo.com,Corvallis,OR,USA,N/A,4.8,2026-06-16 00:40:57
High Priestess Piercing & Tattoo,465,"2475 NW Monroe Ave, Corvallis, OR 97330",541) 738-7711,N/A,N/A,N/A,https://www.beststudioever.com/corvallis,Corvallis,OR,USA,N/A,4.4,2026-06-16 00:45:34
Wildcat Electric Tattoo,25,"1333 Main St, Philomath, OR 97370",541) 286-5550,https://www.instagram.com/wildcat_electric_tattoo,https://www.facebook.com/Wildcat.Ink,https://www.tiktok.com/@donebyself,https://form.jotform.com/250055512304140,Corvallis,OR,USA,email@yahoo.com; example@example.com,5.0,2026-06-16 00:49:58
Cross Over Tattoo Studio,150,"24048 US-20, Philomath, OR 97370",541) 961-0127,https://www.instagram.com/justin_d_crossovertattoo_art,https://www.facebook.com/crossovertattoostudio,https://www.tiktok.com/t,http://crossovertattoostudio.com,Corvallis,OR,USA,cross_over_tattoo@yahoo.com,0,2026-06-16 00:51:40
BRAE Tattoo & Aesthetics,8,"425 SW Madison Ave, Corvallis, OR 97333",N/A,https://www.instagram.com/braebyabi,https://www.facebook.com/groups,https://www.tiktok.com/@tattoos.by.cristian,https://www.braetattooandaesthetics.com,Corvallis,OR,USA,N/A,4.5,2026-06-16 00:53:19
Tattoo Nouvelle,65,"321 E Main St, Cottage Grove, OR 97424",541) 942-9824,https://www.instagram.com/tattoonouvelle,https://www.facebook.com/tattoonouvelle,https://www.tiktok.com/@scm_ink,https://tattoonouvelle.com,Cottage Grove,OR,USA,N/A,4.8,2026-06-16 00:56:09
Hell Bent Tattoo,27,"330 OR-99 Ste E, Cottage Grove, OR 97424",541) 357-9818,https://www.instagram.com/hellbent.tattoo,https://www.facebook.com/p,https://www.tiktok.com/@hellbent_tattoo,https://www.bratinks.com,Cottage Grove,OR,USA,N/A,5.0,2026-06-16 00:58:10
Reborn Ink,26,"1037 OR-99, Cottage Grove, OR 97424",541) 658-5107,https://www.instagram.com/reborn.ink,https://www.facebook.com/rebornink78,https://www.tiktok.com/@inkcroalpha,https://www.facebook.com/rebornink78,Cottage Grove,OR,USA,N/A,4.8,2026-06-16 01:00:09
Garden of Ink,79,"21 S 6th St, Cottage Grove, OR 97424",541) 942-4708,https://www.instagram.com/gardenofinktattooschool,http://www.facebook.com/gardenofink,https://www.tiktok.com/@garden_of_inkk,http://www.gardenofinktattoo.com,Cottage Grove,OR,USA,gardenofinktattoo@gmail.com,4.2,2026-06-16 01:03:27
Bigtime Walk-In Tattoo,259,"3949 N Williams Ave, Portland, OR 97227",503) 265-8146,N/A,N/A,N/A,https://bigtimepdx.com,Cove,OR,USA,N/A,4.9,2026-06-16 01:09:11
Lombard Street Tattoo,216,"8937 N Lombard St, Portland, OR 97203",503) 719-6780,https://www.instagram.com/lombardstreettattoo,N/A,N/A,http://www.lombardstreettattoo.com,Cove,OR,USA,N/A,4.9,2026-06-16 01:13:07
Atlas Tattoo Studio,297,"4543 N Albina Ave, Portland, OR 97217",503) 281-7499,https://www.instagram.com/atlastattoo,N/A,https://www.tiktok.com/@jameslorono_,http://www.atlastattoo.com,Cove,OR,USA,user@domain.com,4.8,2026-06-16 01:17:13
Blue Lotus Tattoo,12,"2304 Broadway St, Baker City, OR 97814",541) 519-2781,https://www.instagram.com/bluelotus_tattoo,https://www.facebook.com/p,https://www.tiktok.com/@fennekimtattoos,https://bluelotustattoo.as.me,Cove,OR,USA,N/A,4.3,2026-06-16 01:18:33
Back40Tattoo,264,"901 Brutscher St suite 209, Newberg, OR 97132",503) 759-6224,N/A,N/A,N/A,http://back40tattoo.com,Cove,OR,USA,N/A,4.8,2026-06-16 01:21:39
Nova Tattoo Studio,40,"4938 N Lombard St, Portland, OR 97203",503) 256-0864,https://www.instagram.com/leswindleytattoos,N/A,https://www.tiktok.com/@inkbypnut,http://www.novatattoostudio.com,Cove,OR,USA,contact@sansoxygen.com,4.7,2026-06-16 01:25:17
Real Eye Zing Art,127,"203 S 1st St, St Helens, OR 97051",503) 396-5018,https://www.instagram.com/starby5,https://www.facebook.com/realeyezingart,N/A,https://realeyezingart.com,Cove,OR,USA,N/A,4.5,2026-06-16 01:27:30
The Hive Tattoo,100,"8327 N Denver Ave, Portland, OR 97217",503) 208-3272,http://www.instagram.com/thehivetattooportland,N/A,https://www.tiktok.com/@dads_belt_,http://www.thehivetattoo.com,Cove,OR,USA,thehivetattoo@gmail.com; user@domain.com,4.9,2026-06-16 01:28:30
Dead Gods Tattoo,203,"11509 SW Pacific Hwy, Portland, OR 97223",503) 352-4405,https://www.instagram.com/deadgodstattoo,https://www.facebook.com/DeadGodsTattoo,N/A,https://deadgodstattoo.com,Cove,OR,USA,tigard@deadgodstattoo.com; westlinn@deadgodstattoo.com,4.8,2026-06-16 01:31:17
Blue Ox Tattoo/Tattoos by Mikal,129,"See Forever Tattoo, 8321 N Denver Ave, Portland, OR 97217",503) 694-9277,http://www.instagram.com/blueoxtattoo,N/A,https://www.tiktok.com/@graveyard_ink_,http://www.instagram.com/blueoxtattoo,Cove,OR,USA,N/A,4.9,2026-06-16 01:36:07
Reborn Ink,55,"104 S Mill St suite 102, Creswell, OR 97426",541) 658-5107,https://www.instagram.com/reborn.ink,https://www.facebook.com/rebornink78,https://www.tiktok.com/@ink.reborn,https://www.facebook.com/rebornink78,Creswell,OR,USA,Reborninkt@hotmail.com; reborninkt@hotmail.com,0,2026-06-16 02:23:03
Gold Star Tattoo,33,"41 SW D St Ste 102, Madras, OR 97741",541) 699-1155,https://www.instagram.com/gold_star_tattoo,https://www.facebook.com/Goldstarmaine,https://www.tiktok.com/@tattoo4846,http://goldstartattooco.com,Culver,OR,USA,N/A,4.8,2026-06-16 02:25:25
Reborn Ink,55,"104 S Mill St suite 102, Creswell, OR 97426",541) 658-5107,N/A,https://www.facebook.com/rebornink78,https://www.tiktok.com/@ink.reborn,https://www.facebook.com/rebornink78,Culver,OR,USA,N/A,0,2026-06-16 02:26:50
Floating Lotus Tattoo Studio,40,"833 SE Main St #104, Portland, OR 97214",503) 807-7863,https://www.instagram.com/p,https://www.facebook.com/Floating-Lotus-Tattoo-Studio-169999479714481,https://www.tiktok.com/@pintadontattoo,http://www.floatinglotustattoo.com,Damascus,OR,USA,victoria@floatinglotustattoo.com,4.8,2026-06-16 02:29:26
Tattoo Kiss,39,"1720 NW Lovejoy St Ste 111, Portland, OR 97209",509) 828-2408,https://www.instagram.com/tattookissshop,https://www.facebook.com/people,https://www.tiktok.com/@tattookissshop,https://tattookissshop.com,Damascus,OR,USA,tattookissshop@gmail.com,5.0,2026-06-16 02:30:28
Graveyard Tattoos,106,"9235 SE Clackamas Rd, Clackamas, OR 97015",503) 655-0200,https://www.instagram.com/popular,https://www.facebook.com/media,https://www.tiktok.com/@its.connor.logan,http://www.graveyardtattoos.com,Damascus,OR,USA,N/A,4.8,2026-06-16 02:32:34
The House of Tattoo,129,"780 N Main Ave, Gresham, OR 97030",503) 492-9998,https://www.instagram.com/p,https://www.facebook.com/thehouseoftattoogresham,https://www.tiktok.com/@art_bytay,http://www.thehouseoftattoo.com,Damascus,OR,USA,houseoftattooshop@gmail.com,4.9,2026-06-16 02:33:40
Multnomah Body Piercing & Tattoo,442,"52 NE Division St, Gresham, OR 97030",503) 669-4191,https://www.instagram.com/multnomahpiercing,https://www.facebook.com/multnomahbodypiercing,N/A,https://multnomahpiercing.io,Damascus,OR,USA,N/A,4.3,2026-06-16 02:35:39
Sellwood Tattoo Parlor,124,"405 W Arlington St, Gladstone, OR 97027",971) 266-8970,https://instagram.com/sellwoodtattoo,https://www.facebook.com/wix,https://www.tiktok.com/@haunteddermis,http://www.sellwoodtattoo.com,Damascus,OR,USA,N/A,0,2026-06-16 02:36:49
"Raincloud Tattoo, private studio of Kari Yocom",119,"5115 SE Aldercrest Rd, Milwaukie, OR 97222",971) 206-4151,https://www.instagram.com/pdxraincloud,N/A,https://www.tiktok.com/@pdxraincloud,http://raincloudtattoo.com,Damascus,OR,USA,pdxraincloudtattoo@gmail.com; raincloudtattoo@pm.me; user@domain.com,5.0,2026-06-16 02:38:01
Fern and Dagger Studios,15,"133 NE 3rd St, Gresham, OR 97030",503) 328-8542,http://instagram.com/fernanddaggerstudios,N/A,https://www.tiktok.com/@artforthewanderer,https://www.fernanddaggerstudios.com,Damascus,OR,USA,fernanddaggerstudios@gmail.com; user@domain.com,5.0,2026-06-16 02:39:24
Aardvark Tattoo Company,162,"14804 SE Powell Blvd, Portland, OR 97236",503) 477-8902,https://www.instagram.com/risatattoosaardvark,N/A,https://www.tiktok.com/@aardvarktattoocompany,http://www.aardvarktattoocompany.com,Damascus,OR,USA,aardvarktattoocompany@gmail.com; anapbm@gmail.com; filler@godaddy.com; team@latofonts.com,4.5,2026-06-16 02:40:33
Brow Babe Studio - Cosmetic Brow & Tattoo Studio,42,"35 E Powell Blvd, Gresham, OR 97030",N/A,http://instagram.com/brow_babe_studio_tattoos,N/A,https://www.tiktok.com/@bodybyjamie,https://www.browbabestudio.online,Damascus,OR,USA,Browbabepdx@gmail.com; browbabepdx@gmail.com; user@domain.com,5.0,2026-06-16 02:42:01
Full Circle Tattoo and Salon,10,"15635 SE 114th Ave Ste 211, Clackamas, OR 97015",971) 277-0237,https://www.instagram.com/styledbysarah.v,https://www.facebook.com/p,https://www.tiktok.com/@fullcircletattoo,http://sarahvalenzuela.glossgenius.com,Damascus,OR,USA,styledbysarah.v@gmail.com,4.9,2026-06-16 02:43:08
Sphynx head tattoo,12,"1124 NE Burnside Rd, Gresham, OR 97030",503) 347-8482,https://www.instagram.com/sphynxheadtattoo,https://www.facebook.com/groups,https://www.tiktok.com/@iamjakesteele,https://sphynxheadtattoo.com,Damascus,OR,USA,SphynxHeadTattoo@gmail.com; info@mysite.com,5.0,2026-06-16 02:44:24
Free Spirit Aesthetics & Body Piercing Studio,73,"307 NE Kelly Ave, Gresham, OR 97030",503) 890-1802,https://www.instagram.com/free.spirit.skin.studio,https://www.facebook.com/p,https://www.tiktok.com/@studs,https://temp-oqidcxdfbqazwttgytct.webadorsite.com,Damascus,OR,USA,support@webador.com,4.4,2026-06-16 02:45:35
PNW Premier Cosmetic Tattoo & Hair,20,"20418 OR-212, Damascus, OR 97089",971) 258-8131,https://www.instagram.com/pnw_premier_cosmetic_tattoo,https://www.facebook.com/p,https://www.tiktok.com/@thecosmeticemporium_,N/A,Damascus,OR,USA,N/A,5.0,2026-06-16 02:46:50
Priscilla Ink,1,"SE Mount Hood Hwy, Gresham, OR 97080",503) 744-1811,https://www.instagram.com/inkpriscilla,N/A,https://www.tiktok.com/@prscillas,http://priscilla-ink.com,Damascus,OR,USA,Priscillatats@gmail.com; user@domain.com,5.0,2026-06-16 02:47:52
PrettyInked.Studio,4,"15580 SE Gladys Rose Way, Damascus, OR 97089",971) 420-9108,https://www.instagram.com/lala,N/A,https://www.tiktok.com/@uptin,https://prettyinkedstudio.glossgenius.com,Damascus,OR,USA,N/A,0,2026-06-16 02:49:15
Shelly DeAngio,103,"271 NE 3rd St, Gresham, OR 97030",503) 837-9300,https://www.instagram.com/shell_shock_tattoos,https://www.facebook.com/alltercoUS,https://www.tiktok.com/@shelly_shops,https://www.shellydeangio.com/contact.html,Damascus,OR,USA,equinoxtattoo@gmail.com,4.8,2026-06-16 02:51:04
Acuinked,1,"6829 SE 82nd Ave, Portland, OR 97266",503) 250-0660,https://www.instagram.com/acuinked,https://www.facebook.com/acuinked,https://www.tiktok.com/@justkeepthinking,http://www.acuinked.com,Damascus,OR,USA,N/A,0,2026-06-16 02:52:36
Undo Tattoo and Laser,33,"24076 SE Stark St Suite 310, Gresham, OR 97030",971) 895-3013,https://www.instagram.com/undotattooandlaser,https://www.facebook.com/UNILADTech,https://www.tiktok.com/@unilad,http://undotattooandlaser.com,Damascus,OR,USA,N/A,0,2026-06-16 02:54:45
Men's Wearhouse,888,"8876 SE Sunnyside Rd, Clackamas, OR 97015",503) 653-7811,https://www.instagram.com/MensWearhouse,https://www.facebook.com/MensWearhouse,https://www.tiktok.com/@menswearhouse,https://www.menswearhouse.com/store-locator/2695,Damascus,OR,USA,MWListens@menswearhouse.com,4.3,2026-06-16 02:57:39
Paramount Tattoo Studio,1569,"9921 SE Stark St, Portland, OR 97216",503) 347-4051,https://www.instagram.com/paramounttattoostudio,N/A,https://www.tiktok.com/@kewigraffiti27,http://www.paramounttattoostudio.com,Damascus,OR,USA,filler@godaddy.com,4.3,2026-06-16 02:58:45
J. Bella Tattoo,44,"462 17th St NE, Salem, OR 97301",971) 340-9983,http://www.instagram.com/j.bellatattoo,https://facebook.com/jbellatattoo,N/A,https://jbellatattoo.com,Damascus,OR,USA,jbellatattoo@gmail.com,4.9,2026-06-16 02:59:52
205TattooSupplies,0,"10180 SE Washington St, Portland, OR 97216",971) 808-5737,http://instagram.com/squarespace,N/A,https://www.tiktok.com/en,http://205tattoosupplies.com,Damascus,OR,USA,user@domain.com,0,2026-06-16 03:00:50
Beauty Is Skin Deep,21,"1226 SW 14th Ct, Gresham, OR 97080",503) 465-6500,https://www.instagram.com/the_skindeep,https://www.facebook.com/TheSkinDeep,https://www.tiktok.com/@theskindeep,N/A,Damascus,OR,USA,N/A,4.8,2026-06-16 03:01:42
Mylan Beauty Academy / Cosmetic Tattoo School,87,"9353 SE 82nd Ave, Happy Valley, OR 97086",503) 305-1808,https://www.instagram.com/naibeautyacademy,https://www.facebook.com/Mylan.acadamy,https://www.tiktok.com/@mylanacademy,https://mylanacademy.com,Damascus,OR,USA,info@mylanacademy.com,4.8,2026-06-16 03:02:50
Expozed Ink LLC,55,"333 Broadway St suite a, Estacada, OR 97023",971) 506-4142,https://www.instagram.com/expozed_ink,https://www.facebook.com/ExpozedInk,https://www.tiktok.com/@expozedink,N/A,Days Creek,OR,USA,N/A,4.7,2026-06-16 03:04:57
Jaded Soul’s Living Art Tattoo,334,"25 NW 1st St, Gresham, OR 97030",503) 492-6420,https://www.instagram.com/jadedsoulslivingarttattoo,http://www.facebook.com/pages,N/A,http://www.jadedsoultattoo.com,Days Creek,OR,USA,Tattoogresham@gmail.com; tattoogresham@gmail.com,4.5,2026-06-16 03:06:10
No Hope No Fear Tattoo Art Studio,35,"828 SE 1st St, McMinnville, OR 97128",503) 583-2833,https://www.instagram.com/nohopenofeartattoo,https://www.facebook.com/pages,https://www.tiktok.com/@burnedheartstattoo,http://www.nohopenofeartattoo.com,Days Creek,OR,USA,info@nohopenofeartattoo.com,4.8,2026-06-16 03:07:22
Evolution Tattoo Gallery LLC,125,"149 E Columbia River Hwy, Troutdale, OR 97060",503) 328-8704,https://www.instagram.com/evolutiontattoogallery,https://www.facebook.com/evolutiontattoogallery,N/A,http://evolutiontattoogallery.com,Days Creek,OR,USA,N/A,4.9,2026-06-16 03:08:30
Viridian Ink Tattoo,58,"116 S Molalla Ave, Molalla, OR 97038",971) 806-7801,https://www.instagram.com/viridianinktattoo,N/A,https://www.tiktok.com/content,https://viridianinktattoo.com,Days Creek,OR,USA,example@mysite.com; viridianinktattoo@gmail.com,5.0,2026-06-16 03:09:28
Pacific northwest tattoo collective,127,"39400 Pioneer Blvd #5, Sandy, OR 97055",503) 482-0165,https://www.instagram.com/pnw_tattoo_collective,https://www.facebook.com/pnwtattoos,https://www.tiktok.com/@tacomasbestpiercing,http://www.pnwtattoos.com,Days Creek,OR,USA,N/A,4.9,2026-06-16 03:10:32
Dead Gods Tattoo,79,"1914 Willamette Falls Dr #230, West Linn, OR 97068",503) 344-4170,https://www.instagram.com/deadgodstattoo,https://www.facebook.com/DeadGodsTattoo,https://www.tiktok.com/@ink_fae,http://deadgodstattoo.com,Days Creek,OR,USA,tigard@deadgodstattoo.com; westlinn@deadgodstattoo.com,5.0,2026-06-16 03:11:51
Darkest Days Tattoo,129,"1107 SW Coast Hwy, Newport, OR 97365",541) 961-4587,https://www.instagram.com/katarinas_tattoos,http://www.facebook.com/wix,https://www.tiktok.com/@davidp_tattoos,https://www.darkestdaystattoo.ink,Days Creek,OR,USA,N/A,4.9,2026-06-16 03:13:25
"Raincloud Tattoo, private studio of Kari Yocom",119,"5115 SE Aldercrest Rd, Milwaukie, OR 97222",971) 206-4151,https://www.instagram.com/pdxraincloud,N/A,https://www.tiktok.com/@pdxraincloud,http://raincloudtattoo.com,Days Creek,OR,USA,pdxraincloudtattoo@gmail.com; raincloudtattoo@pm.me; user@domain.com,5.0,2026-06-16 03:14:30
Graveyard Tattoos,106,"9235 SE Clackamas Rd, Clackamas, OR 97015",503) 655-0200,https://www.instagram.com/p,https://www.facebook.com/media,https://www.tiktok.com/@its.connor.logan,http://www.graveyardtattoos.com,Days Creek,OR,USA,N/A,4.8,2026-06-16 03:15:28
Established Ink Tattoo,64,"15010 SE McLoughlin Blvd #4, Milwaukie, OR 97267",503) 484-4473,N/A,https://www.facebook.com/Established-Ink-Tattoo-212628125467975,https://www.tiktok.com/@youareyouthful,https://www.facebook.com/Established-Ink-Tattoo-212628125467975,Days Creek,OR,USA,N/A,4.8,2026-06-16 03:16:51
The House of Tattoo,129,"780 N Main Ave, Gresham, OR 97030",503) 492-9998,https://www.instagram.com/p,https://www.facebook.com/thehouseoftattoogresham,https://www.tiktok.com/@art_bytay,http://www.thehouseoftattoo.com,Days Creek,OR,USA,houseoftattooshop@gmail.com,4.9,2026-06-16 03:17:53
Black Dahlia Tattoo Company,29,"2095 SE Oak Grove Blvd STE A, Milwaukie, OR 97267",503) 752-3086,https://www.instagram.com/black_dahlia_tattoo_co_,https://www.facebook.com/p,https://www.tiktok.com/@blackdahlia2026,N/A,Days Creek,OR,USA,N/A,5.0,2026-06-16 03:19:11
Fern and Dagger Studios,15,"133 NE 3rd St, Gresham, OR 97030",503) 328-8542,http://instagram.com/fernanddaggerstudios,N/A,https://www.tiktok.com/@artforthewanderer,https://www.fernanddaggerstudios.com,Days Creek,OR,USA,fernanddaggerstudios@gmail.com; user@domain.com,5.0,2026-06-16 03:20:08
OREGON CITY TATTOO,142,"Lower Level, 207 7th St B1, Oregon City, OR 97045",503) 974-9173,http://instagram.com/squarespace,N/A,https://www.tiktok.com/@eyetattoo_,http://www.oregoncitytattoo.com,Days Creek,OR,USA,user@domain.com,4.8,2026-06-16 03:21:25
Euphoria Body Piercing & Tattoo,167,"12000 SE 82nd Ave D217, Happy Valley, OR 97086",503) 659-3848,https://www.instagram.com/euphoria_clackamas,N/A,https://www.tiktok.com/@euphoria.clackamas,http://euphoria-piercing-tattoo.com,Days Creek,OR,USA,Euphoria.Clackamas@gmail.com; Euphoria.Lloyd@gmail.com; Euphoria.Piercing.Tattoo@gmail.com; filler@godaddy.com; micah@micahrich.com,4.5,2026-06-16 03:22:21
Welcome Home Tattoo,96,"1981 SE Monroe St, Milwaukie, OR 97222",503) 545-0515,https://www.instagram.com/brutalxboogie,https://www.facebook.com/groups,https://www.tiktok.com/@larryreads,https://welcomehometattoo.com,Days Creek,OR,USA,N/A,5.0,2026-06-16 03:23:33
Pussycat Tattoo,64,"17052 SE McLoughlin Blvd, Milwaukie, OR 97267",503) 786-8090,https://www.instagram.com/pusssycattattoo,https://www.facebook.com/Pussycat-Tattoo-127975257222799,https://www.tiktok.com/@rubymayquilter,https://pussycattattoo.com,Days Creek,OR,USA,customtattooforyou@gmail.com,5.0,2026-06-16 03:24:32
Hurts So Good Tattooing,27,"19008 SE Division St, Gresham, OR 97030",503) 206-6043,N/A,N/A,https://www.tiktok.com/@scm_ink,https://m.facebook.com/pages/category/Tattoo---Piercing-Shop/Hurts-So-Good-Tattooing-350760809851,Days Creek,OR,USA,N/A,5.0,2026-06-16 03:25:40
Patron Saints Tattoo,74,"18805 SE McLoughlin Blvd, Portland, OR 97267",503) 882-8415,N/A,https://www.facebook.com/groups,https://www.tiktok.com/@evergreatestph,http://patronsaintstattoo.com,Days Creek,OR,USA,Zacharyrip@yahoo.com; sebastian@aldusleaf.org,5.0,2026-06-16 03:26:55
SIC Tattoos,40,"18847 SW 84th Ave, Tualatin, OR 97062",503) 885-3938,https://www.instagram.com/sictattoosllc,https://www.facebook.com/cmpulisic,https://www.tiktok.com/@justinkd_tatts,https://web.getporter.io/shop/sic-tattoos,Days Creek,OR,USA,N/A,4.8,2026-06-16 03:28:14
Divine tattooing and Cosmetics,6,"485 Portland Ave, Gladstone, OR 97027",N/A,https://www.instagram.com/divine_tattooing,https://www.facebook.com/DivineInk23,https://www.tiktok.com/@markdtattoo,https://divinetattooing.glossgenius.com,Days Creek,OR,USA,Divinetattooing2025@gmail.com; divinetattoo.contact@gmail.com,5.0,2026-06-16 03:29:29
SWORDFISH TATTOO,10,"1106 Pine St, Silverton, OR 97381",971) 227-7260,http://instagram.com/swordfishtattoo,N/A,https://www.tiktok.com/@sammillidgetattoo,http://swordfishtattoo.com,Days Creek,OR,USA,user@domain.com,5.0,2026-06-16 03:30:47
Jonny Shiitake's Ludicrous Ink Tattoo,6,"6120 SE King Rd, Milwaukie, OR 97222",503) 678-3373,https://www.instagram.com/ludicrousinktattoo,https://www.facebook.com/pages,https://www.tiktok.com/@thejonathanclark,https://ludicrousink.com,Days Creek,OR,USA,N/A,5.0,2026-06-16 03:32:01
Ink’d by Mick,28,"22455 SW Oak St #3, Sherwood, OR 97140",661) 304-5798,https://www.instagram.com/inkdbymick,https://www.facebook.com/inkdbymeg,https://www.tiktok.com/@inkdbymick,https://venue.ink/@inkdbymick,Days Creek,OR,USA,N/A,4.9,2026-06-16 03:33:05
Wicked Ink Tattoo,3,"185 SW Hwy 101, Waldport, OR 97394",541) 538-1370,https://www.instagram.com/risleytallon,https://www.facebook.com/groups,https://www.tiktok.com/@wickedink52241,https://www.instagram.com/risleytallon,Days Creek,OR,USA,N/A,5.0,2026-06-16 03:34:17
Dark Mark Tattoo & Beauty,69,"12930 SW Pacific Hwy #133, Tigard, OR 97223",N/A,https://www.instagram.com/darkmarkpdx,https://www.facebook.com/p,https://www.tiktok.com/@jdragon503,http://www.darkmarkpdx.com,Days Creek,OR,USA,N/A,4.9,2026-06-16 03:35:24
Demon Ink Tattoo,67,"8755 SW Citizens Dr #107, Wilsonville, OR 97070",503) 570-2970,https://www.instagram.com/p,https://www.facebook.com/DemonInkTattoos,https://www.tiktok.com/@demoninkhouston,http://www.demoninktattoo.com,Days Creek,OR,USA,demoninktattoo@outlook.com,4.8,2026-06-16 03:36:32
Tattoos Forever,50,"863 N First Ave, Stayton, OR 97383",503) 769-1177,https://www.instagram.com/tattoosforever850,https://www.facebook.com/share,https://www.tiktok.com/@zoflo82,https://www.facebook.com/share/1B35vQmGa1,Days Creek,OR,USA,Tattooerdad49@gmail.com,5.0,2026-06-16 03:38:02
grieving ink tattoo,34,"106 W 3rd St, Amity, OR 97101",916) 809-4882,https://www.instagram.com/grievinginktattoo,https://www.facebook.com/grievinginktattoo,https://www.tiktok.com/@agree592,http://www.grievinginktattoo.com,Days Creek,OR,USA,Ryan@grievingink.com; ryan@grievingink.com,5.0,2026-06-16 03:39:00
Sink-Ink,61,"267 E Ida St, Stayton, OR 97383",503) 559-9003,https://instagram.com/mac_missa,https://facebook.com/SinkInkTattoo,https://www.tiktok.com/en,http://www.sink-ink.com,Days Creek,OR,USA,Bookingsinkink@gmail.com; bookingsinkink@gmail.com,4.8,2026-06-16 03:40:01
Angel Ink Tattoo,257,"502 Main St, Oregon City, OR 97045",503) 655-4055,https://www.instagram.com/angel.ink.tattoo,https://www.facebook.com/angelinktattooschool,https://www.tiktok.com/@inkmastertv,http://www.angelinktattoo.com,Days Creek,OR,USA,N/A,4.7,2026-06-16 03:40:59
Boymamaink,1,"412 Nw industrial park way #2, Toledo, OR 97391",503) 995-2009,https://www.instagram.com/naraaziza,https://www.facebook.com/tiktok,https://www.tiktok.com/en,N/A,Days Creek,OR,USA,N/A,5.0,2026-06-16 03:42:02
Lucky Supreme Tattoo,156,"512 Main St, Oregon City, OR 97045",503) 785-3750,https://www.instagram.com/lucky_supreme_tattoo,https://www.facebook.com/LuckySupremeTattoo,https://www.tiktok.com/@cometosister,N/A,Days Creek,OR,USA,N/A,4.9,2026-06-16 03:43:12
Storylines Ink Parlor,83,"324 N Coast Hwy ste. #4, Newport, OR 97365",661) 474-1383,https://www.instagram.com/james.paul.egan,https://www.facebook.com/share,https://www.tiktok.com/@storiesfromaninkwell,http://storylinesinkparlor.com,Days Creek,OR,USA,N/A,5.0,2026-06-16 03:44:30
Rose & Dagger Tattoo & Piercing,93,"6418 SE Foster Rd, Portland, OR 97206",503) 386-2853,https://www.instagram.com/rose_and_dagger_tattoo,https://www.facebook.com/Roseanddaggerpdx,https://www.tiktok.com/@inkvalerietattoo,https://radtattoocompany.com,Days Creek,OR,USA,radtattoocompany@gmail.com,4.8,2026-06-16 03:45:29
Illuminati Tattoo Oregon City,102,"517 Main St Ste A, Oregon City, OR 97045",971) 206-8194,N/A,https://www.facebook.com/Illuminati-Tattoo-of-Oregon-City-2159623197629582,N/A,https://www.facebook.com/Illuminati-Tattoo-of-Oregon-City-2159623197629582,Days Creek,OR,USA,N/A,4.7,2026-06-16 03:46:43
MTNTOP TATTOO,33,"402 Garibaldi Ave, Garibaldi, OR 97118",503) 812-7068,https://instagram.com/mtntoptattoo,https://www.facebook.com/instagram,N/A,https://instagram.com/mtntoptattoo,Days Creek,OR,USA,N/A,4.9,2026-06-16 03:48:39
Aardvark Tattoo Company,162,"14804 SE Powell Blvd, Portland, OR 97236",503) 477-8902,https://www.instagram.com/risatattoosaardvark,N/A,https://www.tiktok.com/@aardvarktattoocompany,http://www.aardvarktattoocompany.com,Days Creek,OR,USA,aardvarktattoocompany@gmail.com; anapbm@gmail.com; filler@godaddy.com; team@latofonts.com,4.5,2026-06-16 03:50:03
Sea Serpent Saloon,26,"232 NW Coast St, Newport, OR 97365",N/A,https://instagram.com/seaserpentsaloon,http://www.facebook.com/danamelissadixon,https://www.tiktok.com/@seaserpentsaloon,http://www.seaserpentsaloon.com,Days Creek,OR,USA,seaserpentsaloon@gmail.com,4.7,2026-06-16 03:51:06
Indigenous Arts Tattoo Company,5,"143 SW Court St, Dallas, OR 97338",503) 837-1777,https://www.instagram.com/indigenousarts_tattoo,https://www.facebook.com/p,https://www.tiktok.com/@ampkwaimages,N/A,Days Creek,OR,USA,N/A,5.0,2026-06-16 03:52:15
Magnificent Ink,21,"646 US-101 #4, Depoe Bay, OR 97341",503) 894-3109,https://www.instagram.com/magnificent_ink,https://www.facebook.com/groups,https://www.tiktok.com/@inkmastertv,N/A,Days Creek,OR,USA,N/A,4.8,2026-06-16 03:53:26
Pleasant Street Tattoos,9,"38530 Pleasant St suite 3a, Sandy, OR 97055",N/A,https://www.instagram.com/pleasantstreettattoos,https://www.facebook.com/wix,https://www.tiktok.com/@sammijefcoate,https://www.pleasantstreettattoos.com,Days Creek,OR,USA,Tripleskillet@gmail.com; Triplrskillet@gmail.com,5.0,2026-06-16 03:54:59
Sellwood Tattoo Parlor,124,"405 W Arlington St, Gladstone, OR 97027",971) 266-8970,https://instagram.com/sellwoodtattoo,https://www.facebook.com/wix,N/A,http://www.sellwoodtattoo.com,Days Creek,OR,USA,N/A,4.9,2026-06-16 03:56:52
Cross Over Tattoo Studio,150,"24048 US-20, Philomath, OR 97370",541) 961-0127,https://www.instagram.com/justin_d_crossovertattoo_art,https://www.facebook.com/crossovertattoostudio,https://www.tiktok.com/@dean.hopkins_,http://crossovertattoostudio.com,Days Creek,OR,USA,cross_over_tattoo@yahoo.com,4.9,2026-06-16 03:57:52
LoverBird Studio,22,"10963 SE 21st Ave, Milwaukie, OR 97222",N/A,http://instagram.com/loverbirdstudio,N/A,https://www.tiktok.com/@edenbodyartstudios,http://www.loverbirdstudio.com,Days Creek,OR,USA,user@domain.com,4.8,2026-06-16 03:59:23
Eternal Elegance Tattoo LLC,8,"351 NW 2nd Ave, Canby, OR 97013",541) 441-8079,https://www.instagram.com/eternal_elegance,https://www.facebook.com/EternalEleganceDesigns,https://www.tiktok.com/@ayalatattoo1,http://www.eternalelegancetattoo.com,Days Creek,OR,USA,N/A,5.0,2026-06-16 04:00:35
No Hope No Fear Tattoo Art Studio,35,"828 SE 1st St, McMinnville, OR 97128",503) 583-2833,https://www.instagram.com/jameskernart,https://www.facebook.com/pages,https://www.tiktok.com/@noaharkfeld,http://www.nohopenofeartattoo.com,Dayton,OR,USA,info@nohopenofeartattoo.com,4.8,2026-06-16 04:02:21
Lucky Supreme Tattoo,156,"512 Main St, Oregon City, OR 97045",503) 785-3750,https://www.instagram.com/lucky_supreme_tattoo,https://www.facebook.com/LuckySupremeTattoo,https://www.tiktok.com/@cometosister,N/A,Dayton,OR,USA,N/A,4.9,2026-06-16 04:03:21
Angel Ink Tattoo,257,"502 Main St, Oregon City, OR 97045",503) 655-4055,https://www.instagram.com/red_fang_ink,https://www.facebook.com/angelinktattooschool,https://www.tiktok.com/@inkedbybryan_,http://www.angelinktattoo.com,Dayton,OR,USA,N/A,4.7,2026-06-16 04:04:31
OREGON CITY TATTOO,142,"Lower Level, 207 7th St B1, Oregon City, OR 97045",503) 974-9173,http://instagram.com/squarespace,N/A,https://www.tiktok.com/@eyetattoo_,http://www.oregoncitytattoo.com,Dayton,OR,USA,user@domain.com,4.8,2026-06-16 04:05:40
Reverie,30,"113 N Blaine St, Newberg, OR 97132",503) 864-0193,https://www.instagram.com/rever.iecollective,N/A,https://www.tiktok.com/@reveriez.z.z,http://www.reverietattoo.studio,Dayton,OR,USA,INFO.REVERIECOLLECTIVE@GMAIL.COM; user@domain.com,5.0,2026-06-16 04:07:02
Wits End Tattoo,24,"358 Warner Milne Rd G103, Oregon City, OR 97045",971) 288-7992,https://www.instagram.com/wits.end.tattoo,https://www.facebook.com/adamstrongart,https://www.tiktok.com/@sydsmithtattoo,http://witsendtattoo.com,Dayton,OR,USA,N/A,4.8,2026-06-16 04:08:37
grieving ink tattoo,34,"106 W 3rd St, Amity, OR 97101",916) 809-4882,https://www.instagram.com/grievinginktattoo,https://www.facebook.com/grievinginktattoo,https://www.tiktok.com/@agree592,http://www.grievinginktattoo.com,Dayton,OR,USA,Ryan@grievingink.com; ryan@grievingink.com,5.0,2026-06-16 04:09:43
Apollo Art Cooperative,37,"415 NE 3rd St, McMinnville, OR 97128",503) 487-7159,N/A,N/A,https://www.tiktok.com/@nickthetailor,https://m.facebook.com/pg/FancyRabbitArtCollective/photos,Dayton,OR,USA,N/A,4.6,2026-06-16 04:10:50
Black Rose Tattoo And Piercing,99,"223 OR-99W, McMinnville, OR 97128",971) 241-1094,https://www.instagram.com/blackrosetattooers,https://www.facebook.com/Cassidytattoo,https://www.tiktok.com/@blackrosetattoocrew,N/A,Dayton,OR,USA,N/A,4.4,2026-06-16 04:11:44
Illuminati Tattoo Oregon City,102,"517 Main St Ste A, Oregon City, OR 97045",971) 206-8194,N/A,https://www.facebook.com/Illuminati-Tattoo-of-Oregon-City-2159623197629582,N/A,https://www.facebook.com/Illuminati-Tattoo-of-Oregon-City-2159623197629582,Dayton,OR,USA,N/A,4.7,2026-06-16 04:13:14
Back40Tattoo,264,"901 Brutscher St suite 209, Newberg, OR 97132",503) 759-6224,https://www.instagram.com/tiktok,https://www.facebook.com/Back40Tattoo,https://www.tiktok.com/en,http://back40tattoo.com,Dayton,OR,USA,Back40tattoo@gmail.com; back40tattoo@gmail.com,4.8,2026-06-16 04:14:20
Parlor on 3rd,25,"405 NE 3rd St Suite 3, McMinnville, OR 97128",541) 282-4081,N/A,N/A,N/A,https://m.facebook.com/parloron3rd,Dayton,OR,USA,N/A,4.8,2026-06-16 04:15:54
Expozed Ink LLC,55,"333 Broadway St suite a, Estacada, OR 97023",971) 506-4142,https://www.instagram.com/expozed_ink,https://www.facebook.com/ExpozedInk,https://www.tiktok.com/@expozedink,N/A,Dayton,OR,USA,N/A,4.7,2026-06-16 04:16:53
Gilded Heart Tattoo,99,"211 E 1st St, Newberg, OR 97132",971) 832-8002,https://www.instagram.com/gildedhearttattoo,N/A,https://www.tiktok.com/@lucasmalone4,https://www.gildedhearttattoo.com,Dayton,OR,USA,Tat2clan@yahoo.com; tat2clan@yahoo.com; user@domain.com,4.5,2026-06-16 04:17:53
Graveyard Tattoos,106,"9235 SE Clackamas Rd, Clackamas, OR 97015",503) 655-0200,https://www.instagram.com/popular,https://www.facebook.com/media,https://www.tiktok.com/@its.connor.logan,http://www.graveyardtattoos.com,Dayton,OR,USA,N/A,4.8,2026-06-16 04:18:51
Tattoos by Savy,9,"415 NE 3rd St, McMinnville, OR 97128",971) 801-4212,https://instagram.com/savyyjb,http://www.facebook.com/fancyrabbitartcollective,https://www.tiktok.com/@savymerino,https://www.tattoosbysavy.com,Dayton,OR,USA,aj-b@hotmail.com; savannaj-b@hotmail.com,5.0,2026-06-16 04:19:52
Dead Gods Tattoo,79,"1914 Willamette Falls Dr #230, West Linn, OR 97068",503) 344-4170,https://www.instagram.com/deadgodstattoo,https://www.facebook.com/DeadGodsTattoo,https://www.tiktok.com/@ink_fae,http://deadgodstattoo.com,Dayton,OR,USA,tigard@deadgodstattoo.com; westlinn@deadgodstattoo.com,5.0,2026-06-16 04:21:22
Nettle Tattoo,1,"415 NE 3rd St, McMinnville, OR 97128",N/A,https://www.instagram.com/freya.watko.tattoos,https://www.facebook.com/sarah.nicole.29130,https://www.tiktok.com/@nettlesdaughter,https://nettletattoos.com,Dayton,OR,USA,Freya.Watko@gmail.com; Freya.watko@gmail.com,5.0,2026-06-16 04:22:22
Welcome Home Tattoo,96,"1981 SE Monroe St, Milwaukie, OR 97222",503) 545-0515,https://www.instagram.com/brutalxboogie,https://www.facebook.com/groups,https://www.tiktok.com/@ladefaction,https://welcomehometattoo.com,Dayton,OR,USA,N/A,5.0,2026-06-16 04:23:40
M.inked Beauty LLC,7,"1900 NE Hwy 99W suite H, McMinnville, OR 97128",971) 241-5072,https://www.instagram.com/m.inkedbeautyllc,https://www.facebook.com/covetedbeautyxmolly,https://www.tiktok.com/@kingz_artistry,N/A,Dayton,OR,USA,N/A,4.4,2026-06-16 04:24:37
Viridian Ink Tattoo,58,"116 S Molalla Ave, Molalla, OR 97038",971) 806-7801,https://www.instagram.com/viridianinktattoo,N/A,https://www.tiktok.com/content,https://viridianinktattoo.com,Dayton,OR,USA,example@mysite.com; viridianinktattoo@gmail.com,5.0,2026-06-16 04:25:56
The House of Tattoo,129,"780 N Main Ave, Gresham, OR 97030",503) 492-9998,https://www.instagram.com/thehouseoftattoo,https://www.facebook.com/thehouseoftattoogresham,https://www.tiktok.com/@art_bytay,http://www.thehouseoftattoo.com,Dayton,OR,USA,houseoftattooshop@gmail.com,4.9,2026-06-16 04:26:55
Star Tattoo,48,"14110 SE McLoughlin Blvd, Milwaukie, OR 97267",503) 653-5679,N/A,https://www.facebook.com/groups,https://www.tiktok.com/@tatto_artist2,N/A,Dayton,OR,USA,N/A,4.9,2026-06-16 04:27:49
Jaded Soul’s Living Art Tattoo,334,"25 NW 1st St, Gresham, OR 97030",503) 492-6420,https://www.instagram.com/jadedsoulslivingarttattoo,http://www.facebook.com/pages,N/A,http://www.jadedsoultattoo.com,Dayton,OR,USA,Tattoogresham@gmail.com; tattoogresham@gmail.com,4.5,2026-06-16 04:29:15
Bigtime Walk-In Tattoo,259,"3949 N Williams Ave, Portland, OR 97227",503) 265-8146,https://www.instagram.com/bigtimetattoopdx,N/A,N/A,https://bigtimepdx.com,Dayton,OR,USA,info@bigtimepdx.com; tysondraws@yahoo.com; user@domain.com,4.9,2026-06-16 04:30:24
Evolution Tattoo Gallery LLC,125,"149 E Columbia River Hwy, Troutdale, OR 97060",503) 328-8704,https://www.instagram.com/evolutiontattoogallery,https://www.facebook.com/evolutiontattoogallery,N/A,http://evolutiontattoogallery.com,Dayton,OR,USA,N/A,4.9,2026-06-16 04:32:06
Historic Tattoo - Portland Tattoo Shop,306,"2001 SE 50th Ave, Portland, OR 97215",503) 236-3440,https://www.instagram.com/historictattoo,https://www.facebook.com/pages,https://www.tiktok.com/@tysonarndt,http://www.historictattoo.com,Dayton,OR,USA,historictattoo@gmail.com,4.8,2026-06-16 04:33:24
The Silverton Tattoo Co.,67,"208 E Main St, Silverton, OR 97381",971) 343-3333,N/A,https://www.facebook.com/silvertontattoo,N/A,https://www.facebook.com/silvertontattoo,Dayton,OR,USA,N/A,4.6,2026-06-16 04:35:02
Ever True Tattoo,196,"213 SW Ash St, Portland, OR 97204",971) 563-5093,https://www.instagram.com/evertruetattoo,https://www.facebook.com/EverTrueTattoo,https://www.tiktok.com/@truetattookingston,http://www.evertruetattoo.com,Dayton,OR,USA,ambaileytattoo@gmail.com; daytonskuse@gmail.com; evertruetattoo@gmail.com; keshorror@gmail.com; scott.umeki@gmail.com; sequoiarosetattoo@gmail.com,4.7,2026-06-16 04:36:13
Tattoo 42,218,"753 SW 185th Ave, Beaverton, OR 97006",503) 356-8854,https://www.instagram.com/johntattoo42,https://www.facebook.com/tatt242,https://www.tiktok.com/@ladefaction,http://www.tattoo-42.com,Dayton,OR,USA,impallari@gmail.com; info@tattoo-42.com; team@latofonts.com; typesetit@att.net,4.6,2026-06-16 04:37:35
Artemis,2,"415 NE 3rd St, McMinnville, OR 97128",N/A,https://www.instagram.com/nasaartemis,https://www.facebook.com/NASAArtemis,https://www.tiktok.com/@espn,N/A,Dayton,OR,USA,N/A,5.0,2026-06-16 04:38:41
Cosmetic Ink LLC,0,"330 N 3rd St, Woodburn, OR 97071",971) 772-6435,https://www.instagram.com/Yesisanchez.ink,https://www.facebook.com/yesi.sanchez.ink,https://www.tiktok.com/@rosamariasmum,https://cosmeticinkllc.square.site,Dayton,OR,USA,N/A,0,2026-06-16 04:39:41
Simply Makeup and Brows,0,"1914 Willamette Falls Dr #210, West Linn, OR 97068",818) 588-9186,N/A,https://www.facebook.com/SimplyMakeupandBrows,https://www.tiktok.com/@slaybyjess,https://www.facebook.com/SimplyMakeupandBrows,Dayton,OR,USA,N/A,0,2026-06-16 04:40:53
Anatomy Tattoo,176,"3021 NE Broadway, Portland, OR 97232",503) 231-1199,https://www.instagram.com/anatomytattoo,https://www.facebook.com/anatomytattoopdx,https://www.tiktok.com/@anatomytattoo,https://anatomytattoo.com,Dayton,OR,USA,N/A,4.8,2026-06-16 04:42:11
Elite Protective Films | Window Tint & PPF,113,"28128 SE Hwy 212, Boring, OR 97009",971) 888-8468,https://www.instagram.com/eliteprotectivefilms,https://www.facebook.com/eliteprotectivefilms,https://www.tiktok.com/@texas_squeegee,https://eliteprotectivefilms.com,Dayton,OR,USA,N/A,4.9,2026-06-16 04:43:15
Alactrity Salon & Spa,2,"216 Ferry St, Dayton, OR 97114",503) 687-3043,https://www.instagram.com/alacritysalonspa,https://www.facebook.com/AlacritySalonSpa,https://www.tiktok.com/@ayalatattoo1,http://www.alacritysalonspa.com,Dayton,OR,USA,N/A,5.0,2026-06-16 04:44:21
Fades n Shades,41,"2115 Portland Rd, Newberg, OR 97132",503) 487-6565,https://www.instagram.com/_fades_and_shades_,N/A,https://www.tiktok.com/@jerkitty,https://www.fadesnshades.com,Dayton,OR,USA,deaddestattoo@gmail.com; tattoosbyazure@gmail.com; user@domain.com,4.8,2026-06-16 04:45:23
Blink Tattoo & Esthetics,71,"388 State St Unit 601, Salem, OR 97301",503) 508-6803,http://instagram.com/blink.salem,http://facebook.com/hoffmantattoo,N/A,https://www.blinksalem.com,Dayton,OR,USA,blinksalem@gmail.com,4.9,2026-06-16 04:47:00
Dead Gods Tattoo,79,"1914 Willamette Falls Dr #230, West Linn, OR 97068",503) 344-4170,https://www.instagram.com/deadgodstattoo,https://www.facebook.com/DeadGodsTattoo,https://www.tiktok.com/@ink_fae,http://deadgodstattoo.com,Deer Island,OR,USA,tigard@deadgodstattoo.com; westlinn@deadgodstattoo.com,5.0,2026-06-16 04:49:27
Established Ink Tattoo,64,"15010 SE McLoughlin Blvd #4, Milwaukie, OR 97267",503) 484-4473,N/A,https://www.facebook.com/Established-Ink-Tattoo-212628125467975,https://www.tiktok.com/@inkedabroad,https://www.facebook.com/Established-Ink-Tattoo-212628125467975,Deer Island,OR,USA,N/A,4.8,2026-06-16 04:51:05
Pacific northwest tattoo collective,127,"39400 Pioneer Blvd #5, Sandy, OR 97055",503) 482-0165,https://www.instagram.com/pnw_tattoo_collective,https://www.facebook.com/pnwtattoos,https://www.tiktok.com/@hails.tattoos,http://www.pnwtattoos.com,Deer Island,OR,USA,N/A,4.9,2026-06-16 04:52:06
Illuminati Tattoo Oregon City,102,"517 Main St Ste A, Oregon City, OR 97045",971) 206-8194,N/A,https://www.facebook.com/Illuminati-Tattoo-of-Oregon-City-2159623197629582,N/A,https://www.facebook.com/Illuminati-Tattoo-of-Oregon-City-2159623197629582,Deer Island,OR,USA,N/A,4.7,2026-06-16 04:53:45
Patron Saints Tattoo,74,"18805 SE McLoughlin Blvd, Portland, OR 97267",503) 882-8415,N/A,N/A,N/A,http://patronsaintstattoo.com,Deer Island,OR,USA,Zacharyrip@yahoo.com; sebastian@aldusleaf.org,5.0,2026-06-16 04:55:18
Angel Ink Tattoo,257,"502 Main St, Oregon City, OR 97045",503) 655-4055,https://www.instagram.com/red_fang_ink,https://www.facebook.com/angelinktattooschool,https://www.tiktok.com/@angelinktattoos1,http://www.angelinktattoo.com,Deer Island,OR,USA,N/A,4.7,2026-06-16 04:56:26
"Above the Pearl Tattoo, LLC.",68,"10600 SE McLoughlin Blvd Ste 203, Milwaukie, OR 97222",503) 319-4855,https://www.instagram.com/abovethepearltattoo,https://www.facebook.com/abovethepearltattoo,https://www.tiktok.com/@tiddygirlpearl,http://www.abovethepearl.com,Deer Island,OR,USA,N/A,5.0,2026-06-16 04:57:51
Lucky Supreme Tattoo,156,"512 Main St, Oregon City, OR 97045",503) 785-3750,https://www.instagram.com/lucky_supreme_tattoo,https://www.facebook.com/LuckySupremeTattoo,https://www.tiktok.com/@cometosister,N/A,Deer Island,OR,USA,N/A,4.9,2026-06-16 04:58:59
Graveyard Tattoos,106,"9235 SE Clackamas Rd, Clackamas, OR 97015",503) 655-0200,N/A,https://www.facebook.com/media,N/A,http://www.graveyardtattoos.com,Deer Island,OR,USA,N/A,4.8,2026-06-16 05:00:23
Wits End Tattoo,24,"358 Warner Milne Rd G103, Oregon City, OR 97045",971) 288-7992,https://www.instagram.com/wits.end.tattoo,https://www.facebook.com/adamstrongart,https://www.tiktok.com/@inkedabroad,http://witsendtattoo.com,Deer Island,OR,USA,N/A,4.8,2026-06-16 05:01:47
Sellwood Tattoo Parlor,124,"405 W Arlington St, Gladstone, OR 97027",971) 266-8970,https://instagram.com/sellwoodtattoo,https://www.facebook.com/wix,https://www.tiktok.com/@haunteddermis,http://www.sellwoodtattoo.com,Deer Island,OR,USA,N/A,4.9,2026-06-16 05:03:01
Pussycat Tattoo,64,"17052 SE McLoughlin Blvd, Milwaukie, OR 97267",503) 786-8090,https://www.instagram.com/pusssycattattoo,https://www.facebook.com/Pussycat-Tattoo-127975257222799,https://www.tiktok.com/@rubymayquilter,https://pussycattattoo.com,Deer Island,OR,USA,customtattooforyou@gmail.com,5.0,2026-06-16 05:04:10
OREGON CITY TATTOO,142,"Lower Level, 207 7th St B1, Oregon City, OR 97045",503) 974-9173,http://instagram.com/squarespace,N/A,N/A,http://www.oregoncitytattoo.com,Deer Island,OR,USA,user@domain.com,4.8,2026-06-16 05:05:41
Black Dahlia Tattoo Company,29,"2095 SE Oak Grove Blvd STE A, Milwaukie, OR 97267",503) 752-3086,N/A,N/A,N/A,N/A,Deer Island,OR,USA,N/A,5.0,2026-06-16 05:07:09
Star Tattoo,48,"14110 SE McLoughlin Blvd, Milwaukie, OR 97267",503) 653-5679,N/A,https://www.facebook.com/groups,https://www.tiktok.com/@astartattoos,N/A,Deer Island,OR,USA,N/A,4.9,2026-06-16 05:08:06
Lucky Supreme Tattoo,156,"512 Main St, Oregon City, OR 97045",503) 785-3750,https://www.instagram.com/lucky_supreme_tattoo,https://www.facebook.com/LuckySupremeTattoo,https://www.tiktok.com/@wideawakearthquake,N/A,Detroit,OR,USA,N/A,4.9,2026-06-16 05:12:47
Sellwood Tattoo Parlor,124,"405 W Arlington St, Gladstone, OR 97027",971) 266-8970,https://instagram.com/sellwoodtattoo,https://www.facebook.com/wix,https://www.tiktok.com/@eyetattoo_,http://www.sellwoodtattoo.com,Detroit,OR,USA,N/A,4.9,2026-06-16 05:14:02
OREGON CITY TATTOO,142,"Lower Level, 207 7th St B1, Oregon City, OR 97045",503) 974-9173,http://instagram.com/squarespace,N/A,N/A,http://www.oregoncitytattoo.com,Detroit,OR,USA,user@domain.com,4.8,2026-06-16 05:15:51
Illuminati Tattoo Oregon City,102,"517 Main St Ste A, Oregon City, OR 97045",971) 206-8194,N/A,https://www.facebook.com/Illuminati-Tattoo-of-Oregon-City-2159623197629582,N/A,https://www.facebook.com/Illuminati-Tattoo-of-Oregon-City-2159623197629582,Detroit,OR,USA,N/A,4.7,2026-06-16 05:17:01
Angel Ink Tattoo,257,"502 Main St, Oregon City, OR 97045",503) 655-4055,https://www.instagram.com/red_fang_ink,N/A,N/A,http://www.angelinktattoo.com,Detroit,OR,USA,N/A,4.7,2026-06-16 05:18:38
"Above the Pearl Tattoo, LLC.",68,"10600 SE McLoughlin Blvd Ste 203, Milwaukie, OR 97222",503) 319-4855,https://www.instagram.com/abovethepearltattoo,https://www.facebook.com/abovethepearltattoo,https://www.tiktok.com/@tiddygirlpearl,http://www.abovethepearl.com,Detroit,OR,USA,N/A,5.0,2026-06-16 05:19:39
Dead Gods Tattoo,79,"1914 Willamette Falls Dr #230, West Linn, OR 97068",503) 344-4170,https://www.instagram.com/p,https://www.facebook.com/DeadGodsTattoo,https://www.tiktok.com/@ink_fae,http://deadgodstattoo.com,Detroit,OR,USA,N/A,5.0,2026-06-16 05:21:17
Established Ink Tattoo,64,"15010 SE McLoughlin Blvd #4, Milwaukie, OR 97267",503) 484-4473,N/A,https://www.facebook.com/Established-Ink-Tattoo-212628125467975,https://www.tiktok.com/@inkedabroad,https://www.facebook.com/Established-Ink-Tattoo-212628125467975,Detroit,OR,USA,N/A,4.8,2026-06-16 05:22:33
Patron Saints Tattoo,74,"18805 SE McLoughlin Blvd, Portland, OR 97267",503) 882-8415,https://www.instagram.com/p,https://www.facebook.com/p,https://www.tiktok.com/@evergreatestph,http://patronsaintstattoo.com,Detroit,OR,USA,Zacharyrip@yahoo.com; sebastian@aldusleaf.org,5.0,2026-06-16 05:24:18
Wits End Tattoo,24,"358 Warner Milne Rd G103, Oregon City, OR 97045",971) 288-7992,https://www.instagram.com/wits.end.tattoo,https://www.facebook.com/adamstrongart,https://www.tiktok.com/@inkedabroad,http://witsendtattoo.com,Detroit,OR,USA,N/A,4.8,2026-06-16 05:25:38
Pussycat Tattoo,64,"17052 SE McLoughlin Blvd, Milwaukie, OR 97267",503) 786-8090,https://www.instagram.com/pusssycattattoo,https://www.facebook.com/Pussycat-Tattoo-127975257222799,N/A,https://pussycattattoo.com,Detroit,OR,USA,customtattooforyou@gmail.com,5.0,2026-06-16 05:27:08
Savages Tattoo Studio,2,"301 N 1st St B-581, Drain, OR 97435",541) 221-3283,N/A,N/A,N/A,https://www.studiotattoo.com,Drain,OR,USA,N/A,5.0,2026-06-16 05:35:52
Cascade Tattoo Company (Hanks Family Tattoo),169,"409 Lincoln St #6, The Dalles, OR 97058",808) 255-1624,N/A,http://www.facebook.com/hanksfamilytattooco,N/A,http://www.facebook.com/hanksfamilytattooco,Dufur,OR,USA,N/A,5.0,2026-06-16 05:39:11
Saltwater Tattoo Collective,12,"34950 Brooten Rd, Cloverdale, OR 97112",503) 437-4781,https://instagram.com/tattoosbyjessward,https://www.facebook.com/p,https://www.tiktok.com/@emscottla,https://www.tattoosbyjessward.com,Dufur,OR,USA,N/A,5.0,2026-06-16 05:40:37
Sundew Tattoo,107,"1276 Main St E, Monmouth, OR 97361",N/A,https://www.instagram.com/sundew.tattoo,https://www.facebook.com/groups,https://www.tiktok.com/@offspring,https://sundewtattoo.com,Dufur,OR,USA,N/A,5.0,2026-06-16 05:41:40
Tattoos Forever,50,"863 N First Ave, Stayton, OR 97383",503) 769-1177,https://www.instagram.com/alwaysxforevertattoo,https://www.facebook.com/share,https://www.tiktok.com/@inkedabroad,https://www.facebook.com/share/1B35vQmGa1,Dufur,OR,USA,N/A,5.0,2026-06-16 05:43:05
Cross Over Tattoo Studio,150,"24048 US-20, Philomath, OR 97370",541) 961-0127,https://www.instagram.com/justin_d_crossovertattoo_art,N/A,N/A,http://crossovertattoostudio.com,Dufur,OR,USA,cross_over_tattoo@yahoo.com,4.9,2026-06-16 05:44:31
Heiser Tattoo and Artistry,12,"113 E 2nd St Unit B, The Dalles, OR 97058",541) 980-7905,https://www.instagram.com/heiser_tattoos,https://www.facebook.com/jon.heiser1,https://www.tiktok.com/@thelindsaygoodwin,http://heiser-tattoo-and-artistry.wsite.top,Dufur,OR,USA,N/A,5.0,2026-06-16 05:46:12
Hood River Tattoo,16,"209 Oak St Unit 204, Hood River, OR 97031",541) 490-2775,https://www.instagram.com/hoodrivertattoo,https://www.facebook.com/hoodrivertattoo,N/A,http://hoodrivertattoo.com,Dufur,OR,USA,hoodrivertattoo@gmail.com,4.5,2026-06-16 05:47:38
Reverie,30,"113 N Blaine St, Newberg, OR 97132",503) 864-0193,https://www.instagram.com/rever.iecollective,N/A,https://www.tiktok.com/@reveriez.z.z,http://www.reverietattoo.studio,Dundee,OR,USA,INFO.REVERIECOLLECTIVE@GMAIL.COM; info.reveriecollective@gmail.com; user@domain.com,5.0,2026-06-16 05:50:35
Back40Tattoo,264,"901 Brutscher St suite 209, Newberg, OR 97132",503) 759-6224,N/A,N/A,N/A,http://back40tattoo.com,Dundee,OR,USA,Back40tattoo@gmail.com; back40tattoo@gmail.com,4.8,2026-06-16 05:52:14
Gilded Heart Tattoo,99,"211 E 1st St, Newberg, OR 97132",971) 832-8002,https://www.instagram.com/gildedhearttattoo,N/A,N/A,https://www.gildedhearttattoo.com,Dundee,OR,USA,Tat2clan@yahoo.com; tat2clan@yahoo.com; user@domain.com,4.5,2026-06-16 05:53:51
Viridian Ink Tattoo,58,"116 S Molalla Ave, Molalla, OR 97038",971) 806-7801,https://www.instagram.com/viridianinktattoo,N/A,https://www.tiktok.com/@vismstudio,https://viridianinktattoo.com,Dundee,OR,USA,example@mysite.com; viridianinktattoo@gmail.com,5.0,2026-06-16 05:56:20
Eastwood Tattoos,39,"101 W Main Ave Suite 203, Sisters, OR 97759",541) 719-8845,https://www.instagram.com/p,https://www.facebook.com/p,https://www.tiktok.com/@eastwoodography,http://eastwoodtattoos.com,Dundee,OR,USA,N/A,4.8,2026-06-16 05:58:10
Sundew Tattoo,107,"1276 Main St E, Monmouth, OR 97361",N/A,https://www.instagram.com/sundew.tattoo,https://www.facebook.com/groups,https://www.tiktok.com/@rikysrayna,https://sundewtattoo.com,Dundee,OR,USA,N/A,5.0,2026-06-16 05:59:11
Fades n Shades,41,"2115 Portland Rd, Newberg, OR 97132",503) 487-6565,N/A,N/A,N/A,https://www.fadesnshades.com,Dundee,OR,USA,N/A,4.8,2026-06-16 06:01:04
TATTOOGA,31,"1367 Bay St, Florence, OR 97439",541) 991-9898,N/A,N/A,N/A,N/A,Dunes City,OR,USA,N/A,4.9,2026-06-16 06:03:20
Flying Snail Tattoo LLC,40,"Upstairs, 4480 US-101 Bldg A Suite 1, Florence, OR 97439",541) 671-7984,N/A,N/A,N/A,N/A,Dunes City,OR,USA,N/A,4.9,2026-06-16 06:05:09
7Devils Tattoo,1,"1725 Kingwood St Unit 5, Florence, OR 97439",541) 305-2986,https://www.instagram.com/7devilscreations,https://www.facebook.com/bryan.walters.731,https://www.tiktok.com/@danielsilva.tattoos,https://7devilscreations.com,Dunes City,OR,USA,7devilscreations@gmail.com; hi@mystore.com; u00a07devilscreations@gmail.com,5.0,2026-06-16 06:06:42
Oregon Coast Tattoo,36,"1379 Rhododendron Dr, Florence, OR 97439",541) 991-8281,N/A,N/A,N/A,http://www.oregoncoasttattoo.com,Dunes City,OR,USA,N/A,4.6,2026-06-16 06:08:41
Tinta Tattoo,40,"10 N Platt Ave, Eagle Point, OR 97524",541) 816-2299,https://www.instagram.com/blusteelstudio,https://www.facebook.com/Tintatattooep,https://www.tiktok.com/@tattoounleashed,https://blusteelstudio.com,Eagle Point,OR,USA,N/A,5.0,2026-06-16 06:10:54
Oblivion art,9,"17 S Platt St suite a, Eagle Point, OR 97524",541) 951-0895,https://www.instagram.com/oblivionindiana,https://www.facebook.com/p,https://www.tiktok.com/@inkygreen,https://oblivionart.com,Eagle Point,OR,USA,N/A,4.4,2026-06-16 06:13:08
Old Chrome Tattoo,43,"565 W Centennial Blvd, Springfield, OR 97477",541) 357-7053,N/A,N/A,N/A,N/A,Echo,OR,USA,N/A,4.9,2026-06-16 06:15:49
Back40Tattoo,264,"901 Brutscher St suite 209, Newberg, OR 97132",503) 759-6224,https://www.instagram.com/tattoosbynicolette,https://www.facebook.com/Back40Tattoo,https://www.tiktok.com/en,http://back40tattoo.com,Echo,OR,USA,N/A,4.8,2026-06-16 06:19:00
Sweet Home Tattoo,23,"1228 Main St, Sweet Home, OR 97386",503) 984-1576,N/A,N/A,N/A,N/A,Echo,OR,USA,N/A,4.7,2026-06-16 06:21:20
Black Forest Tattoo Company,97,"149 N 5th St, Springfield, OR 97477",458) 250-5520,https://www.instagram.com/valson_ink,https://www.facebook.com/share.php,https://www.tiktok.com/@blackforesttat2co,http://www.blackforesttat2co.com,Echo,OR,USA,blackforesttattoocompany@gmail.com; dainieljaytattoo@gmail.com; jakeovertime@gmail.com,5.0,2026-06-16 06:24:58
The Silverton Tattoo Co.,67,"208 E Main St, Silverton, OR 97381",971) 343-3333,https://www.instagram.com/silvertontattoo,https://www.facebook.com/silvertontattoo,N/A,https://www.facebook.com/silvertontattoo,Echo,OR,USA,N/A,4.6,2026-06-16 06:27:01
Saltwater Tattoo Collective,12,"34950 Brooten Rd, Cloverdale, OR 97112",503) 437-4781,https://instagram.com/tattoosbyjessward,https://www.facebook.com/p,https://www.tiktok.com/@emscottla,https://www.tattoosbyjessward.com,Echo,OR,USA,N/A,5.0,2026-06-16 06:28:02
Eastwood Tattoos,39,"101 W Main Ave Suite 203, Sisters, OR 97759",541) 719-8845,https://www.instagram.com/p,https://www.facebook.com/p,https://www.tiktok.com/@eastwoodography,http://eastwoodtattoos.com,Echo,OR,USA,N/A,4.8,2026-06-16 06:29:31
Oracle Tattoo & Spa,117,"740 Main St, Springfield, OR 97477",541) 359-5259,https://www.instagram.com/oracletattoospa,https://www.facebook.com/watch,https://www.tiktok.com/@millakastattoos,https://oracletattoospa.com,Echo,OR,USA,jamrosetattoos@gmail.com,5.0,2026-06-16 06:31:51
Cross Over Tattoo Studio,150,"24048 US-20, Philomath, OR 97370",541) 961-0127,https://www.instagram.com/justin_d_crossovertattoo_art,N/A,N/A,http://crossovertattoostudio.com,Echo,OR,USA,cross_over_tattoo@yahoo.com,4.9,2026-06-16 06:33:25
Mori Ink,48,"248 N 2nd St Suite B, Ashland, OR 97520",541) 482-8288,https://www.instagram.com/p,https://www.facebook.com/pages,https://www.tiktok.com/@memphismori,https://mori146.wixsite.com/spa-clinic-r,Echo,OR,USA,nutattoo@gmail.com,4.0,2026-06-16 06:35:46
Custom Body Art,47,"1039 Court St, Medford, OR 97501",541) 857-9866,https://www.instagram.com/abcbodyart,https://www.facebook.com/BodyArtofMykeMagyck,https://www.tiktok.com/@lovetattoo__wawa,N/A,Echo,OR,USA,N/A,4.8,2026-06-16 06:36:44
Galaxy Ink Tattoos,47,"258 A St Unit 8, Ashland, OR 97520",541) 201-0438,https://www.instagram.com/mdgalaxyink,https://www.facebook.com/p,https://www.tiktok.com/@inkedmagazine,http://www.galaxyink.com,Echo,OR,USA,N/A,5.0,2026-06-16 06:38:28
Universal Rites Tattoo,33,"611 Siskiyou Blvd # 2, Ashland, OR 97520",541) 488-0611,https://www.instagram.com/benja_zohara,https://www.facebook.com/UniversalRitesTattooStudio,https://www.tiktok.com/@beyondabletattoos,http://www.universalrites.com,Echo,OR,USA,benjasworld@hotmail.com,4.8,2026-06-16 06:40:22
Savage Rose Ink,8,"27 S 7th St, Central Point, OR 97502",541) 930-1600,https://www.instagram.com/savageroseink,https://www.facebook.com/p,https://www.tiktok.com/@savage_ink_official,http://venue.ink/@savagerose.ink,Echo,OR,USA,N/A,5.0,2026-06-16 06:43:15
Ritual Evolution Piercing & Tattoo,128,"77 N Main St, Ashland, OR 97520",541) 780-7303,https://www.instagram.com/ritual.evolution,https://www.facebook.com/Ritual.Evolution,https://www.tiktok.com/@the.ritual.tattoo,http://www.ritualevolution.com,Echo,OR,USA,marotti.tattoo@gmail.com,4.7,2026-06-16 06:44:56
Gremlin Magick,5,"1 W 6th St #102, Medford, OR 97501",458) 302-5788,N/A,N/A,N/A,N/A,Echo,OR,USA,N/A,5.0,2026-06-16 06:46:52
Irieized Tattoo and Fine Arts,12,"345 N Bartlett St STE 103, Medford, OR 97501",541) 841-0302,N/A,N/A,N/A,http://irieized.com,Echo,OR,USA,filler@godaddy.com; lemonad@jovanny.ru,5.0,2026-06-16 06:48:53
Black Moth Studio,88,"117 SE 6th St, Grants Pass, OR 97526",541) 226-7341,http://www.instagram.com/blackmothtats,https://www.facebook.com/blackmothtats,https://www.tiktok.com/@kinotattoos,http://www.instagram.com/blackmothtats,Echo,OR,USA,N/A,4.7,2026-06-16 06:53:06
Capital G's Tattoo,132,"810 Biddle Rd, Medford, OR 97504",541) 500-1060,https://www.instagram.com/capitalgstattoo,https://www.facebook.com/p,https://www.tiktok.com/@capitalgstattoo,N/A,Echo,OR,USA,N/A,4.9,2026-06-16 06:54:01
Traditions Tattoo,53,"409 N Riverside Ave, Medford, OR 97501",541) 879-1260,https://www.instagram.com/traditionstattooshop541,https://www.facebook.com/p,https://www.tiktok.com/@kessirene,N/A,Echo,OR,USA,N/A,4.8,2026-06-16 06:55:16
Southside Tattoo,91,"1762 Ashland St, Ashland, OR 97520",541) 621-7666,https://www.instagram.com/p,https://www.facebook.com/southsidetattooashlandoregon,https://www.tiktok.com/@austinbucketlist,http://southsidetattooashland.com,Echo,OR,USA,N/A,4.8,2026-06-16 06:57:09
Elysian tattoo studio,52,"210 S Spring St, Klamath Falls, OR 97601",541) 892-8800,https://www.instagram.com/elysiantattoostudio,https://www.facebook.com/groups,https://www.tiktok.com/@kaashmoney_8,N/A,Echo,OR,USA,N/A,4.9,2026-06-16 06:58:09
Maya Wild Art,108,"111 NE A St, Grants Pass, OR 97526",N/A,https://www.instagram.com/maya.wild.art,https://www.facebook.com/SubRosaTattoo,https://www.tiktok.com/@art_dailydose,http://mayawildart.com,Echo,OR,USA,N/A,5.0,2026-06-16 07:00:19
"3 Sevens Tattoo, Oregon, Grants Pass",36,"1314 Redwood Ave, Grants Pass, OR 97527",541) 890-9777,N/A,N/A,N/A,https://www.3sevenstattoo.weebly.com,Echo,OR,USA,N/A,5.0,2026-06-16 07:02:39
Cut Throat Ink,58,"1330 NW 6th St unit b, Grants Pass, OR 97526",541) 226-8121,https://www.instagram.com/p,https://www.facebook.com/CutThroatInk1,https://www.tiktok.com/@maggi.ink,http://cutthroatink.com,Echo,OR,USA,N/A,4.9,2026-06-16 07:04:57
Black Tides Tattoo,30,"2332 Poplar Dr, Medford, OR 97504",541) 659-8215,N/A,N/A,N/A,https://inkedbyalesha.my.canva.site/dagwhlesrwm,Echo,OR,USA,N/A,5.0,2026-06-16 07:08:11
Gold Hill Tattoo,6,"440 2nd Ave, Gold Hill, OR 97525",458) 220-1146,https://www.instagram.com/jenschleg,https://www.facebook.com/p,https://www.tiktok.com/@gold.hill.tattoo,https://tattoos-by-jen-schlegel.square.site,Echo,OR,USA,hi@mystore.com,5.0,2026-06-16 07:09:58
Southpaw Tattoo Parlor,57,"914A SW 6th St, Grants Pass, OR 97526",541) 659-6614,https://instagram.com/jen_godfreytattoos,https://facebook.com/jennifermgodfrey,https://tiktok.com/@jengodfreytattoos,https://linktr.ee/Jengodfreytattoos,Echo,OR,USA,N/A,4.9,2026-06-16 07:11:10
House Of 1000 Colors Tattoo,41,"1500 Rogue River Hwy, Grants Pass, OR 97527",541) 450-8050,N/A,https://www.facebook.com/houseof1000colorstattoo,https://www.tiktok.com/@inkd.inc,N/A,Echo,OR,USA,N/A,4.0,2026-06-16 07:13:40
Harmonic Tattoo LLC,5,"120 Cedar Flat Rd A, Williams, OR 97544",541) 821-5318,https://www.instagram.com/harmonictattoosllc,https://www.facebook.com/p,https://www.tiktok.com/@jonlindmusic,N/A,Echo,OR,USA,N/A,5.0,2026-06-16 07:15:56
Rebel Underground Tattoo,21,"104 E Main St, Molalla, OR 97038",503) 383-1371,https://www.instagram.com/medicinewomantattoo,https://www.facebook.com/groups,https://www.tiktok.com/@ryanjessemusic,https://usavendorx.top/details/rebel-underground-tattoo-ChIJf8J,Fossil,OR,USA,mapdetailscom@gmail.com,4.8,2026-06-16 07:23:08
Olde Oak Studio,51,"2870 SE 75th Ave Ste 204, Hillsboro, OR 97123",808) 938-5369,https://www.instagram.com/oldeoakstudio,https://www.facebook.com/OldeOakStudio,https://www.tiktok.com/@inkedabroad,http://www.imstagram.com/oldeoakstudio,Fossil,OR,USA,N/A,4.8,2026-06-16 07:25:33
SWORDFISH TATTOO,10,"1106 Pine St, Silverton, OR 97381",971) 227-7260,http://instagram.com/swordfishtattoo,N/A,https://www.tiktok.com/@tekulvetattoos,http://swordfishtattoo.com,Fossil,OR,USA,user@domain.com,0,2026-06-16 07:27:19
Freak of Ink | Tattoo & Ink Shop | Albany OR,73,"2120 SE Geary St, Albany, OR 97322",541) 979-5042,N/A,N/A,N/A,N/A,Fossil,OR,USA,N/A,4.8,2026-06-16 07:30:50
Oregon Tattoo Co,227,"104 Commercial St SE, Salem, OR 97301",503) 365-0726,N/A,N/A,N/A,http://oregontattoo.top,Fossil,OR,USA,N/A,4.7,2026-06-16 07:37:06
Tattoos Forever,50,"863 N First Ave, Stayton, OR 97383",503) 769-1177,https://www.instagram.com/alwaysxforevertattoo,https://www.facebook.com/share,https://www.tiktok.com/@inkedabroad,https://www.facebook.com/share/1B35vQmGa1,Fossil,OR,USA,N/A,5.0,2026-06-16 07:39:15
Mount Angel Tattoo,2,"165 N Main St, Mt Angel, OR 97362",503) 845-1111,https://www.instagram.com/_inkedbyky_,https://www.facebook.com/Back40tattooacademy,https://www.tiktok.com/@danielsilva.tattoos,https://www.mountangeltattoo.com,Fossil,OR,USA,N/A,5.0,2026-06-16 07:42:17
OREGON CITY TATTOO,142,"Lower Level, 207 7th St B1, Oregon City, OR 97045",503) 974-9173,http://instagram.com/squarespace,N/A,https://www.tiktok.com/@eyetattoo_,http://www.oregoncitytattoo.com,Fossil,OR,USA,user@domain.com,4.8,2026-06-16 07:43:24
Sweet Home Tattoo,23,"1228 Main St, Sweet Home, OR 97386",503) 984-1576,N/A,N/A,N/A,N/A,Fossil,OR,USA,N/A,4.7,2026-06-16 07:46:22
Inclusion Ink,29,"167 High St SE, Salem, OR 97301",503) 383-8877,https://www.instagram.com/inclusionink,https://www.facebook.com/loretatz,https://www.tiktok.com/@mollyburkeofficial,http://www.inclusioninktattoo.com,Fossil,OR,USA,N/A,5.0,2026-06-16 07:51:00
Dark Star Tattoo,110,"2360 State St, Salem, OR 97301",503) 763-9696,N/A,N/A,N/A,N/A,Fossil,OR,USA,N/A,4.7,2026-06-16 07:52:56
Darkest Days Tattoo,129,"1107 SW Coast Hwy, Newport, OR 97365",541) 961-4587,https://www.instagram.com/darkestdaystattoo,https://www.facebook.com/MyDarkestDays,N/A,https://www.darkestdaystattoo.ink,Fossil,OR,USA,N/A,4.9,2026-06-16 07:57:47
Lucky Supreme Tattoo,156,"512 Main St, Oregon City, OR 97045",503) 785-3750,N/A,N/A,N/A,N/A,Fossil,OR,USA,N/A,4.9,2026-06-16 08:00:10
Established Ink Tattoo,64,"15010 SE McLoughlin Blvd #4, Milwaukie, OR 97267",503) 484-4473,N/A,https://www.facebook.com/Established-Ink-Tattoo-212628125467975,N/A,https://www.facebook.com/Established-Ink-Tattoo-212628125467975,Fossil,OR,USA,N/A,4.8,2026-06-16 08:03:17
PermaGrafix Tattoo,61,"2217 Santiam Hwy SE, Albany, OR 97322",541) 990-0826,N/A,https://www.facebook.com/permagrafixtattoo,https://www.tiktok.com/@permagrafix,http://www.permagrafix.com,Gates,OR,USA,N/A,4.5,2026-06-16 08:14:31
Atlas Tattoo Studio,297,"4543 N Albina Ave, Portland, OR 97217",503) 281-7499,N/A,N/A,N/A,http://www.atlastattoo.com,Gates,OR,USA,N/A,4.8,2026-06-16 08:17:01
Anchored Ink Tattoo & Piercing by SPLAT LLC,387,"107 W Q St Ste 3, Springfield, OR 97477",541) 790-9566,https://www.instagram.com/anchoredinktattoo,https://www.facebook.com/AnchoredInkEugene,N/A,https://www.anchoredinktattoostudio.com,Gates,OR,USA,smushstone@gmail.com,4.9,2026-06-16 08:20:39
Rebel Underground Tattoo,21,"104 E Main St, Molalla, OR 97038",503) 383-1371,N/A,N/A,N/A,https://usavendorx.top/details/rebel-underground-tattoo-ChIJf8J,Gates,OR,USA,N/A,4.8,2026-06-16 08:24:24
Angel Ink Tattoo,257,"502 Main St, Oregon City, OR 97045",503) 655-4055,N/A,N/A,N/A,http://www.angelinktattoo.com,Gates,OR,USA,N/A,4.7,2026-06-16 08:26:51
Fallen Cherub Tattoo Co.,13,"403 W 1st Ave Suite 1, Albany, OR 97321",541) 979-4660,N/A,https://www.facebook.com/share,N/A,https://www.facebook.com/share/15o9NtpH5C,Gates,OR,USA,N/A,5.0,2026-06-16 08:29:05
Alchemy Tattoo Collective,155,"220 Liberty St NE, Salem, OR 97301",971) 599-5932,https://www.instagram.com/alchemytattoocollective,https://www.facebook.com/alchemytattoocollective,https://www.tiktok.com/@alchemytattoocollective,http://www.alchemytattoosalem.com,Gates,OR,USA,N/A,4.6,2026-06-16 08:35:07
East Side Tattoo,176,"6514 SE Foster Rd, Portland, OR 97206",503) 719-5796,https://www.instagram.com/eastsidetattooshop,https://www.facebook.com/eastsidetattooshoppdx,https://www.tiktok.com/@eastsideinktattoo,https://eastside.tattoo,Gates,OR,USA,eastsidetattooshop@gmail.com,4.9,2026-06-16 08:38:22
Big O' Tatties,9,"224 Airport Rd NE, Silverton, OR 97381",N/A,https://www.instagram.com/bigotatties,https://www.facebook.com/instagram,https://www.tiktok.com/@worksbyjoe,https://www.instagram.com/bigotatties,Gates,OR,USA,N/A,5.0,2026-06-16 08:40:30
"Above the Pearl Tattoo, LLC.",68,"10600 SE McLoughlin Blvd Ste 203, Milwaukie, OR 97222",503) 319-4855,https://www.instagram.com/abovethepearltattoo,https://www.facebook.com/abovethepearltattoo,https://www.tiktok.com/@tiddygirlpearl,http://www.abovethepearl.com,Gates,OR,USA,N/A,5.0,2026-06-16 08:42:31
Pink Panther Tattoo,77,"1001 E Burnside St, Portland, OR 97214",971) 888-4599,https://www.instagram.com/pinkpantherpdx,N/A,N/A,http://pinkpanthertattoopdx.com,Gates,OR,USA,pinkpantherpdx@gmail.com; user@domain.com,4.7,2026-06-16 08:44:48
Icon Tattoo,165,"813 N Russell St, Portland, OR 97227",503) 477-7157,N/A,N/A,N/A,http://www.icontattoostudio.com,Gates,OR,USA,N/A,4.8,2026-06-16 08:49:24
Blacklist Tattoo,65,"2401 NE Broadway, Portland, OR 97232",503) 796-0086,N/A,N/A,N/A,http://www.blacklisttattoo.com,Gates,OR,USA,N/A,4.6,2026-06-16 08:57:27
Gold Standard Tattoo,75,"1824 Division St suite c, Bend, OR 97701",541) 771-1066,https://instagram.com/goldstandardtattoo,https://facebook.com/pages,https://www.tiktok.com/@goddamnitdavetattoos,http://goldstandardtattoo.com,Gold Beach,OR,USA,dirk@goldstandardtattoo.com,4.7,2026-06-16 09:06:04
Saltwater Tattoo Collective,12,"34950 Brooten Rd, Cloverdale, OR 97112",503) 437-4781,https://www.instagram.com/saltwatertattoocollective,https://www.facebook.com/p,https://www.tiktok.com/@tonebone0605,https://www.tattoosbyjessward.com,Gold Beach,OR,USA,N/A,5.0,2026-06-16 09:08:02
Monolith Tattoo & Piercing,649,"61470 S Hwy 97 #3a, Bend, OR 97702",541) 647-2347,https://www.instagram.com/monolith_tattoo_studio,https://www.facebook.com/monolithtattoo,https://www.tiktok.com/@dirtyolepigpen,http://www.monolithtattoostudio.com,Gold Beach,OR,USA,N/A,4.8,2026-06-16 09:10:01
Against the Tides,44,"550 Broadway St Unit B, Seaside, OR 97138",503) 717-5058,N/A,N/A,N/A,N/A,Gold Beach,OR,USA,N/A,4.9,2026-06-16 09:20:09
Wicked Ink Tattoo,3,"185 SW Hwy 101, Waldport, OR 97394",541) 538-1370,https://www.instagram.com/risleytallon,N/A,N/A,https://www.instagram.com/risleytallon,Gold Beach,OR,USA,N/A,5.0,2026-06-16 09:23:39
Irish Ink Tattoo Studio,236,"408 SE G St A, Grants Pass, OR 97526",541) 476-6654,N/A,N/A,N/A,https://caseysheehan.wixsite.com/irishinkgp,Gold Beach,OR,USA,N/A,4.9,2026-06-16 09:27:06
Lucky Dog Tattoo,104,"260 S Roosevelt Dr, Seaside, OR 97138",503) 738-8220,https://www.instagram.com/goulsometattoos,https://www.facebook.com/LuckyDogTattooSeaside,https://www.tiktok.com/@stephheskethtattoo,https://m.facebook.com/LuckyDogTattooSeaside,Gold Beach,OR,USA,N/A,4.6,2026-06-16 09:29:52
Higher Self Tattoo,26,"1439 NE 6th St Ste E, Grants Pass, OR 97526",541) 761-4296,N/A,http://www.facebook.com/higherselftattoo,N/A,http://www.facebook.com/higherselftattoo,Gold Beach,OR,USA,N/A,4.8,2026-06-16 09:33:05
Prick and Poke Tattoo,110,"914A SW 6th St, Grants Pass, OR 97526",N/A,https://instagram.com/prickandpoketattoo,N/A,N/A,https://linktr.ee/prickandpoketattoo,Grants Pass,OR,USA,N/A,5.0,2026-06-16 09:48:18
Nic Luna Tattoo,30,"111 NE A St, Grants Pass, OR 97526",N/A,N/A,N/A,N/A,http://niclunatattoo.com,Grants Pass,OR,USA,N/A,5.0,2026-06-16 09:53:08
Twisted Ink Tattoo,5,"801 NE D St, Grants Pass, OR 97526",541) 218-8203,N/A,N/A,N/A,N/A,Grants Pass,OR,USA,N/A,4.8,2026-06-16 09:56:57
Ink and Lace,64,"213 SE H St, Grants Pass, OR 97526",541) 218-8420,N/A,N/A,N/A,http://inkandlace.net,Grants Pass,OR,USA,N/A,4.9,2026-06-16 09:59:42
Dray & Nite Tattoo,12,"111 SW H St Unit 10, Grants Pass, OR 97526",541) 623-0471,https://instagram.com/drayandnite,https://www.facebook.com/DrayAndNite,N/A,https://blinq.me/k38VW0rhV8lC,Grants Pass,OR,USA,drayandnite@gmail.com,5.0,2026-06-16 10:06:09
Southern Oregon Tattoo Studio,1,"560 NE E St, Grants Pass, OR 97526",541) 414-6603,N/A,N/A,N/A,N/A,Grants Pass,OR,USA,N/A,4.0,2026-06-16 10:08:09
Samson's Tattoo Collective LLC,61,"203 E Main St, Hillsboro, OR 97123",503) 352-9087,https://www.instagram.com/p,https://www.facebook.com/groups,N/A,https://samsonstattoocollective.org,Hillsboro,OR,USA,N/A,4.8,2026-06-16 10:17:35
Olde Oak Studio,51,"2870 SE 75th Ave Ste 204, Hillsboro, OR 97123",808) 938-5369,N/A,N/A,N/A,http://www.imstagram.com/oldeoakstudio,Hillsboro,OR,USA,N/A,4.8,2026-06-16 10:20:25
MO'O MANU TATTOO,107,"203 E Main St, Hillsboro, OR 97123",971) 354-0821,https://www.instagram.com/moomanutattoos,https://www.facebook.com/MooManuTattoo,https://www.tiktok.com/@libertytheartist,N/A,Hillsboro,OR,USA,N/A,4.9,2026-06-16 10:23:17
Covenless tattoo and curiosities,32,"408 SE Baseline St, Hillsboro, OR 97123",971) 379-6370,N/A,N/A,N/A,N/A,Hillsboro,OR,USA,N/A,4.9,2026-06-16 10:24:51
Walk In Tattoos Hood River,42,"202 Cascade Ave # F, Hood River, OR 97031",541) 399-7572,N/A,N/A,N/A,N/A,Hood River,OR,USA,N/A,4.8,2026-06-16 10:27:59
Hood River Tattoo,16,"209 Oak St Unit 204, Hood River, OR 97031",541) 490-2775,https://www.instagram.com/kaycitattoo,https://www.facebook.com/hoodrivertattoo,N/A,http://hoodrivertattoo.com,Hood River,OR,USA,N/A,4.5,2026-06-16 10:30:39
Society Tattoo & Piercing,20,"307 Oak St, Hood River, OR 97031",509) 310-8494,https://www.instagram.com/society_tattoo,https://www.facebook.com/groups,https://www.tiktok.com/@jaylegendtattoos,https://www.vagaro.com/societypiercing,Hood River,OR,USA,N/A,4.4,2026-06-16 10:32:41
Inked Aesthetics LLC,0,"116 3rd St Ste 201, Hood River, OR 97031",541) 705-7127,N/A,N/A,N/A,https://www.vagaro.com/inkedaestheticsllc,Hood River,OR,USA,N/A,0,2026-06-16 10:36:23
Toth Art Collective,39,"1816 3rd St, Tillamook, OR 97141",541) 207-7477,N/A,N/A,N/A,N/A,Idaville,OR,USA,N/A,4.7,2026-06-16 10:41:19
Beauty B Tattooing,6,"1565 N 1st St #4, Hermiston, OR 97838",541) 571-8858,N/A,N/A,N/A,N/A,Irrigon,OR,USA,N/A,5.0,2026-06-16 10:47:09
Taqueria Doña Mary,74,"490 NE Main Ave, Irrigon, OR 97844",541) 922-3454,N/A,N/A,N/A,N/A,Irrigon,OR,USA,N/A,4.6,2026-06-16 10:50:10
The Badder Ink Oregon,14,"182 E Main St, Hermiston, OR 97838",541) 397-7880,N/A,N/A,N/A,http://www.badderink.com,Irrigon,OR,USA,N/A,3.9,2026-06-16 10:56:45
Floating Lotus Tattoo Studio,40,"833 SE Main St #104, Portland, OR 97214",503) 807-7863,https://www.instagram.com/floatinglotus8615,https://www.facebook.com/Floating-Lotus-Tattoo-Studio-169999479714481,https://www.tiktok.com/@pintadontattoo,http://www.floatinglotustattoo.com,Lake Oswego,OR,USA,victoria@floatinglotustattoo.com,4.8,2026-06-16 17:59:54
Portland Tattoo Company,56,"11830 Kerr Pkwy #325, Lake Oswego, OR 97035",503) 908-3734,https://www.instagram.com/portlandtattooco,https://www.facebook.com/groups,https://www.tiktok.com/@ternotattoo,https://www.portlandtattooco.com,Lake Oswego,OR,USA,joshua@portlandtattooco.com,0,2026-06-16 18:01:16
Skin City Tattoo and Body Piercing,1503,"11945 SW Pacific Hwy #102, Tigard, OR 97223",503) 624-1719,https://www.instagram.com/skincitytigard,N/A,http://tiktok.com/@skincitytigard,http://www.skincitytattoos.com,Lake Oswego,OR,USA,skincity@hotmail.com; user@domain.com,0,2026-06-16 18:02:26
Spirited Ink Tattoo Studio,0,"11830 Kerr Pkwy #207, Lake Oswego, OR 97035",503) 344-7532,https://www.instagram.com/spirited.ink.tattoo,N/A,https://www.tiktok.com/@ziv_tattooer,https://www.spiritedinktattoo.com,Lake Oswego,OR,USA,user@domain.com,0,2026-06-16 18:03:32
Dead Gods Tattoo,203,"11509 SW Pacific Hwy, Portland, OR 97223",503) 352-4405,https://www.instagram.com/deadgodstattoo,https://www.facebook.com/DeadGodsTattoo,https://www.tiktok.com/@deadgodstattoo,https://deadgodstattoo.com,Lake Oswego,OR,USA,tigard@deadgodstattoo.com; westlinn@deadgodstattoo.com,4.8,2026-06-16 18:04:44
Dark Mark Tattoo & Beauty,69,"12930 SW Pacific Hwy #133, Tigard, OR 97223",N/A,https://www.instagram.com/darkmarkpdx,https://www.facebook.com/p,https://www.tiktok.com/@elely17,http://www.darkmarkpdx.com,Lake Oswego,OR,USA,N/A,4.9,2026-06-16 18:05:47
SIC Tattoos,40,"18847 SW 84th Ave, Tualatin, OR 97062",503) 885-3938,https://www.instagram.com/sictattoosllc,https://www.facebook.com/SICINCTATTOO,https://www.tiktok.com/@gravekeeper_sic,https://web.getporter.io/shop/sic-tattoos,Lake Oswego,OR,USA,N/A,4.8,2026-06-16 18:06:50
Ink Therapy Tattoo,80,"9050 SW Barbur Blvd, Portland, OR 97219",559) 967-3634,https://www.instagram.com/inktherapypdx,https://www.facebook.com/inktherapypdx,https://www.tiktok.com/@inkbykali,https://inktherapypdx.com,Lake Oswego,OR,USA,N/A,4.8,2026-06-16 18:08:11
Black Hole Body Piercing & Tattoo,595,"12550 SW 1st St, Beaverton, OR 97005",503) 672-9399,https://www.instagram.com/blackholebodypiercingandtattoo,N/A,https://www.tiktok.com/@blackholebodypiercing,http://www.blackholebodypiercing.com,Lake Oswego,OR,USA,user@domain.com,4.6,2026-06-16 18:09:20
BEST FRIEND TATTOO,5,"18041 SW Lower Boones Ferry Rd #3, Portland, OR 97224",503) 753-3220,https://www.instagram.com/popular,N/A,https://www.tiktok.com/@ericananglefit,https://bestfriendtat.com,Lake Oswego,OR,USA,N/A,5.0,2026-06-16 18:10:44
"Above the Pearl Tattoo, LLC.",68,"10600 SE McLoughlin Blvd Ste 203, Milwaukie, OR 97222",503) 319-4855,https://www.instagram.com/abovethepearltattoo,https://www.facebook.com/abovethepearltattoo,https://www.tiktok.com/@tiddygirlpearl,http://www.abovethepearl.com,Lake Oswego,OR,USA,N/A,5.0,2026-06-16 18:11:50
Established Ink Tattoo,64,"15010 SE McLoughlin Blvd #4, Milwaukie, OR 97267",503) 484-4473,N/A,https://www.facebook.com/Established-Ink-Tattoo-212628125467975,https://www.tiktok.com/@jess.ink.ya,https://www.facebook.com/Established-Ink-Tattoo-212628125467975,Lake Oswego,OR,USA,N/A,0,2026-06-16 18:13:01
Patron Saints Tattoo,74,"18805 SE McLoughlin Blvd, Portland, OR 97267",503) 882-8415,https://www.instagram.com/patronsaintstattoo,https://www.facebook.com/p,https://www.tiktok.com/@evergreatestph,http://patronsaintstattoo.com,Lake Oswego,OR,USA,Zacharyrip@yahoo.com; sebastian@aldusleaf.org,5.0,2026-06-16 18:14:16
Milwaukie Tattoo Co,177,"10387 SE Main St, Milwaukie, OR 97222",971) 403-6766,http://instagram.com/squarespace,N/A,https://www.tiktok.com/@t.c.tattoo,http://www.milwaukietattoo.com,Lake Oswego,OR,USA,milwaukietattooco@gmail.com; user@domain.com,4.4,2026-06-16 18:15:21
Illuminati Tattoo Oregon City,102,"517 Main St Ste A, Oregon City, OR 97045",971) 206-8194,N/A,https://www.facebook.com/Illuminati-Tattoo-of-Oregon-City-2159623197629582,https://www.tiktok.com/@illuminati.tattoo0,https://www.facebook.com/Illuminati-Tattoo-of-Oregon-City-2159623197629582,Lake Oswego,OR,USA,N/A,4.7,2026-06-16 18:16:48
TheoryCraft Tattoo,10,"11830 Kerr Pkwy, Portland, OR 97219",971) 990-6196,https://www.instagram.com/tattoo.gunn,N/A,https://www.tiktok.com/@tattoo.gunn,https://www.tattoogunn.com/theorycraft-tattoo,Lake Oswego,OR,USA,user@domain.com,5.0,2026-06-16 18:17:51
"Raincloud Tattoo, private studio of Kari Yocom",119,"5115 SE Aldercrest Rd, Milwaukie, OR 97222",971) 206-4151,https://www.instagram.com/pdxraincloud,N/A,https://www.tiktok.com/@pdxraincloud,http://raincloudtattoo.com,Lake Oswego,OR,USA,pdxraincloudtattoo@gmail.com; raincloudtattoo@pm.me; user@domain.com,0,2026-06-16 18:19:00
Malia tattoos,19,"11825 SW Greenburg Rd STE 100, Tigard, OR 97223",N/A,https://www.instagram.com/malia_tattoos,N/A,https://www.tiktok.com/@malia_tattoos,https://www.instagram.com/malia_tattoos,Lake Oswego,OR,USA,N/A,5.0,2026-06-16 18:20:13
Meláni Studios,9,"18750 Willamette Dr F, West Linn, OR 97068",503) 451-5943,https://www.instagram.com/melani_studios,https://www.facebook.com/share,https://www.tiktok.com/@melanithelabel,https://melanistudios.glossgenius.com,Lake Oswego,OR,USA,melanistudios.pdx@gmail.com,5.0,2026-06-16 18:21:25
Cobra Art Studio LLC,92,"8196 SW Hall Blvd #104, Beaverton, OR 97008",503) 660-7901,https://instagram.com/thecobraartstudio,N/A,https://www.tiktok.com/@cobra_art_company,https://instagram.com/thecobraartstudio,Lake Oswego,OR,USA,N/A,4.9,2026-06-16 18:22:37
AJ Tatooist,1,"9113 SW Barbur Blvd, Portland, OR 97219",503) 719-3313,https://www.instagram.com/ajd_neat,https://www.facebook.com/BombInkForever,https://www.tiktok.com/@aj_tattoos,http://ajtattooist.com,Lake Oswego,OR,USA,N/A,5.0,2026-06-16 18:23:35
Iron and soul tattoo,4,"15405 SW 116th Ave Suite 108, Portland, OR 97224",971) 322-6562,https://www.instagram.com/hnlbrian,https://www.facebook.com/ironandsoultattoo,https://www.tiktok.com/@ironliontattoo,https://www.ironandsoultattoo.com,Lake Oswego,OR,USA,hnlgoldstandard@yahoo.com,5.0,2026-06-16 18:24:41
No Hope No Fear Tattoo Art Studio,35,"828 SE 1st St, McMinnville, OR 97128",503) 583-2833,https://www.instagram.com/nohopenofeartattoo,https://www.facebook.com/pages,https://www.tiktok.com/@burnedheartstattoo,http://www.nohopenofeartattoo.com,Lakeside,OR,USA,info@nohopenofeartattoo.com,4.8,2026-06-16 18:26:23
Arcane Design Tattoo Collective,95,"163 E Market Ave, Coos Bay, OR 97420",541) 297-5857,https://www.instagram.com/arcanetats,https://www.facebook.com/p,https://www.tiktok.com/@markdtattoo,N/A,Lakeside,OR,USA,N/A,0,2026-06-16 18:27:27
Saltwater Tattoo Collective,12,"34950 Brooten Rd, Cloverdale, OR 97112",503) 437-4781,https://instagram.com/tattoosbyjessward,https://www.facebook.com/p,https://www.tiktok.com/@emscottla,https://www.tattoosbyjessward.com,Lakeside,OR,USA,N/A,5.0,2026-06-16 18:28:45
Heritage Tattoos By Jess,11,"108 N 7th St, Winchester Bay, OR 97467",541) 999-0552,https://www.instagram.com/jessvehretattoo,https://www.facebook.com/HeritageTattoosByJess,N/A,https://www.heritagetattoosbyjess.com,Lakeside,OR,USA,HeritageTattoosByJess@gmail.com,4.2,2026-06-16 18:29:48
Good Times Tattoo Shop,45,"347 S Broadway Ste B, Coos Bay, OR 97420",541) 808-1324,https://www.instagram.com/good.times.tattoo.shop,N/A,https://www.tiktok.com/@goodtimestattooshop,https://www.instagram.com/good.times.tattoo.shop,Lakeside,OR,USA,N/A,4.9,2026-06-16 18:31:14
Tats by M,31,"36315 N Hwy 101 Cabin 2, Nehalem, OR 97131",503) 338-8156,https://www.instagram.com/tats.bymaisie,https://www.facebook.com/maisie.siegel,https://www.tiktok.com/@scm_ink,https://tatsbym.square.site,Lakeside,OR,USA,ats.bym@gmail.com; hi@mystore.com,0,2026-06-16 18:32:26
Nelly Needles,2,"427 Fir Ave Suite 203, Reedsport, OR 97467",971) 361-6152,https://www.instagram.com/nellyneedles,https://www.facebook.com/NellyNeedlesStudio,https://www.tiktok.com/@nellyneedles,https://nellyneedles.square.site,Lakeside,OR,USA,nelleink@gmail.com,0,2026-06-16 18:33:43
Reverie,30,"113 N Blaine St, Newberg, OR 97132",503) 864-0193,https://www.instagram.com/rever.iecollective,N/A,https://www.tiktok.com/@abbiesteeletattoos,http://www.reverietattoo.studio,Lakeside,OR,USA,INFO.REVERIECOLLECTIVE@GMAIL.COM; info.reveriecollective@gmail.com; user@domain.com,5.0,2026-06-16 18:34:51
Harley's Piercing Parlor,164,"1860 Virginia Ave Ste 9, North Bend, OR 97459",541) 260-2002,https://www.instagram.com/harleyspiercingparlor,https://www.facebook.com/harleyspiercingparlor,https://www.tiktok.com/@feedmegems,http://harleyspiercing-parlor.square.site,Lakeside,OR,USA,harleyspiercingparlor@gmail.com,0,2026-06-16 18:36:05
Tattoos By Pete,60,"791 Commercial Ave, Coos Bay, OR 97420",541) 435-1235,https://www.instagram.com/jonnelson_tattoos,https://www.facebook.com/tat2bypete,https://www.tiktok.com/@petepricetatoos,http://coosbaytattoo.com,Lakeside,OR,USA,N/A,4.7,2026-06-16 18:37:17
Crow’s Nest Tattoo,18,"1944 Sherman Ave #102, North Bend, OR 97459",541) 404-0823,https://www.instagram.com/crows.nest.tattoo,https://www.facebook.com/p,https://www.tiktok.com/@kerry_totoro,N/A,Lakeside,OR,USA,N/A,4.8,2026-06-16 18:38:31
Skin City Tattoo and Body Piercing,1503,"11945 SW Pacific Hwy #102, Tigard, OR 97223",503) 624-1719,https://www.instagram.com/skincitytigard,N/A,http://tiktok.com/@skincitytigard,http://www.skincitytattoos.com,Lakeside,OR,USA,skincity@hotmail.com; user@domain.com,0,2026-06-16 18:39:43
Darkest Days Tattoo,129,"1107 SW Coast Hwy, Newport, OR 97365",541) 961-4587,https://www.instagram.com/darkestdaystattoo,http://www.facebook.com/wix,https://www.tiktok.com/@davidp_tattoos,https://www.darkestdaystattoo.ink,Lakeside,OR,USA,N/A,4.9,2026-06-16 18:41:01
Keep it Pushin Tattoos,66,"161 Cedar Ave, Coos Bay, OR 97420",971) 359-4755,N/A,https://www.facebook.com/share,https://www.tiktok.com/@fobkidink,https://www.facebook.com/share/1BKSyUzNix,Lakeside,OR,USA,N/A,5.0,2026-06-16 18:42:10
Black Rose Tattoo And Piercing,99,"223 OR-99W, McMinnville, OR 97128",971) 241-1094,https://www.instagram.com/blackrosetattoos_,https://www.facebook.com/Cassidytattoo,https://www.tiktok.com/@blackrosetattoocrew,N/A,Lakeside,OR,USA,N/A,0,2026-06-16 18:43:14
Parlor on 3rd,25,"405 NE 3rd St Suite 3, McMinnville, OR 97128",541) 282-4081,N/A,N/A,https://www.tiktok.com/@iamcardib,https://m.facebook.com/parloron3rd,Lakeside,OR,USA,N/A,0,2026-06-16 18:44:36
Dark Mark Tattoo & Beauty,69,"12930 SW Pacific Hwy #133, Tigard, OR 97223",N/A,https://www.instagram.com/darkmarkpdx,https://www.facebook.com/p,https://www.tiktok.com/@darkmarkink,http://www.darkmarkpdx.com,Lakeside,OR,USA,N/A,4.9,2026-06-16 18:45:40
Sundew Tattoo,107,"1276 Main St E, Monmouth, OR 97361",N/A,https://www.instagram.com/sundew.tattoo,https://www.facebook.com/groups,https://www.tiktok.com/@rosannebecker,https://sundewtattoo.com,Lakeside,OR,USA,N/A,0,2026-06-16 18:46:55
Eastwood Tattoos,39,"101 W Main Ave Suite 203, Sisters, OR 97759",541) 719-8845,https://www.instagram.com/eastwood_tattoos,N/A,https://www.tiktok.com/@eastwoodography,http://eastwoodtattoos.com,Lakeside,OR,USA,amkryukov@gmail.com; joanneeastwoodtattoo@gmail.com; joanneleastwood@gmail.com; jonpinhorn.typedesign@gmail.com,0,2026-06-16 18:48:13
Against the Tides,44,"550 Broadway St Unit B, Seaside, OR 97138",503) 717-5058,https://www.instagram.com/p,https://www.facebook.com/againstthetidesfilm,https://www.tiktok.com/@usatoday,N/A,Lakeside,OR,USA,N/A,4.9,2026-06-16 18:49:11
Main Street Tattoo,42,"259 S Main St, Independence, OR 97351",503) 838-9891,https://www.instagram.com/mainstreettat,https://www.facebook.com/mainstreettattooli,https://www.tiktok.com/@mainstreettattoo,N/A,Lakeside,OR,USA,N/A,4.7,2026-06-16 18:50:13
Nine Lives Tattoo,54,"61 N Holladay Dr, Seaside, OR 97138",503) 738-3999,https://www.instagram.com/ninelives.la,https://www.facebook.com/Ninelivestattoo864,https://www.tiktok.com/@ninelives.inkwork,N/A,Lakeside,OR,USA,N/A,0,2026-06-16 18:51:17
Viridian Ink Tattoo,58,"116 S Molalla Ave, Molalla, OR 97038",971) 806-7801,https://www.instagram.com/viridianinktattoo,N/A,https://www.tiktok.com/@vismstudio,https://viridianinktattoo.com,Lakeside,OR,USA,example@mysite.com; viridianinktattoo@gmail.com,5.0,2026-06-16 18:52:19
Tattoos by Savy,9,"415 NE 3rd St, McMinnville, OR 97128",971) 801-4212,https://instagram.com/savyyjb,http://www.facebook.com/fancyrabbitartcollective,https://www.tiktok.com/@savymerino,https://www.tattoosbysavy.com,Lakeside,OR,USA,aj-b@hotmail.com; savannaj-b@hotmail.com,5.0,2026-06-16 18:53:24
Demon Ink Tattoo,67,"8755 SW Citizens Dr #107, Wilsonville, OR 97070",503) 570-2970,N/A,https://www.facebook.com/p,https://www.tiktok.com/@ericjamesdemonink,http://www.demoninktattoo.com,Lakeside,OR,USA,demoninktattoo@outlook.com,4.8,2026-06-16 18:54:37
Destination Ink - Tattoo and Body Piercing,391,"2401 NE Cornell Rd, Hillsboro, OR 97124",503) 891-8094,N/A,https://www.facebook.com/DestinationInk,https://www.tiktok.com/@studioinktattoo,http://www.destinationink.com,Lakeside,OR,USA,Nikmuggli@hotmail.com; contact@sansoxygen.com; hinsvarklily@gmail.com; mike.piercings@yahoo.com; nikmuggli@hotmail.com; purrfectpiercings@gmail.com; stephg312@gmail.com,4.7,2026-06-16 18:55:45
Gilded Heart Tattoo,99,"211 E 1st St, Newberg, OR 97132",971) 832-8002,https://www.instagram.com/gildedhearttattoo,N/A,https://www.tiktok.com/@lucasmalone4,https://www.gildedhearttattoo.com,Lakeside,OR,USA,Tat2clan@yahoo.com; tat2clan@yahoo.com; user@domain.com,0,2026-06-16 18:56:54
Ludicris Ink,3,"12154 Ehlen Rd NE, Aurora, OR 97002",503) 678-3373,https://www.instagram.com/ludicrousinktattoo,https://www.facebook.com/pages,https://www.tiktok.com/@inkd.inc,https://ludicrousink.com,Lakeside,OR,USA,N/A,2.0,2026-06-16 18:58:07
Tron City Tattoo,94,"8665 SW Canyon Rd, Portland, OR 97225",503) 292-4500,https://www.instagram.com/tattoosbytravis,N/A,https://www.tiktok.com/@m.r.tattoos89,http://troncitytattoo.com,Lakeside,OR,USA,user@domain.com,4.8,2026-06-16 18:59:15
Americana Tattoo Company,85,"407 Broadway St, Seaside, OR 97138",503) 741-1408,https://www.instagram.com/americanatattoos,https://www.facebook.com/mooresvilletattooco,https://www.tiktok.com/@nadeemhamidy,N/A,Lakeside,OR,USA,N/A,4.6,2026-06-16 19:00:26
PENSXNEEDLES,8,"455 S 4th St #2, Coos Bay, OR 97420",N/A,https://www.instagram.com/pensxneedles,N/A,https://www.tiktok.com/en,http://www.pensxneedles.com,Lakeside,OR,USA,N/A,5.0,2026-06-16 19:01:37
Lucky Dog Tattoo,104,"260 S Roosevelt Dr, Seaside, OR 97138",503) 738-8220,N/A,N/A,https://www.tiktok.com/@stephheskethtattoo,https://m.facebook.com/LuckyDogTattooSeaside,Lakeside,OR,USA,N/A,4.6,2026-06-16 19:02:46
Tattoo 42,218,"753 SW 185th Ave, Beaverton, OR 97006",503) 356-8854,https://www.instagram.com/johntattoo42,https://www.facebook.com/tatt242,https://www.tiktok.com/@ladefaction,http://www.tattoo-42.com,Lakeside,OR,USA,impallari@gmail.com; info@tattoo-42.com; team@latofonts.com; typesetit@att.net,4.6,2026-06-16 19:04:51
Shanghaied Tattoo Parlor,92,"221 12th St, Astoria, OR 97103",503) 468-0544,https://www.instagram.com/shanghaiedtattoo,https://www.facebook.com/shanghaiedtattoo,https://www.tiktok.com/@brooke.yd,http://shanghaiedtattooparlor.com,Lakeside,OR,USA,Chrisleeart@yahoo.com,4.8,2026-06-16 19:06:17
Keepsake Tattoo,85,"253 11th St, Astoria, OR 97103",+1 778-488-9421,https://www.instagram.com/keepsaketattoos,N/A,https://www.tiktok.com/@morelikefall,http://www.keepsaketattooing.com,Lakeside,OR,USA,HEAVYHANDEDTATTOOER@GMAIL.COM; HOLA.MANGO@PROTONMAIL.COM; heavyhandedtattooer@gmail.com; keepsaketattoostudio@gmail.com; seabeansandrice@gmail.com; user@domain.com,4.8,2026-06-16 19:07:46
Black Birds Studio,3,"455 S 4th St #2, Coos Bay, OR 97420",N/A,https://www.instagram.com/theblackbirdstudio,N/A,https://www.tiktok.com/@blackbirdstudioofficial,http://blackbirdsstudio.com,Lakeside,OR,USA,BlackBirdsStudios@gmail.com; Blackbirdsstudios@gmail.com; Sunkenrelliktattoos@gmail.com; sunkenrelliktattoos@gmail.com; user@domain.com,5.0,2026-06-16 19:08:45
No Hope No Fear Tattoo Art Studio,35,"828 SE 1st St, McMinnville, OR 97128",503) 583-2833,https://www.instagram.com/nohopenofeartattoo,https://www.facebook.com/pages,https://www.tiktok.com/@burnedheartstattoo,http://www.nohopenofeartattoo.com,Lakeview,OR,USA,info@nohopenofeartattoo.com,4.8,2026-06-16 19:10:56
Saltwater Tattoo Collective,12,"34950 Brooten Rd, Cloverdale, OR 97112",503) 437-4781,https://instagram.com/tattoosbyjessward,https://www.facebook.com/p,https://www.tiktok.com/@emscottla,https://www.tattoosbyjessward.com,Lakeview,OR,USA,N/A,5.0,2026-06-16 19:12:02
Reverie,30,"113 N Blaine St, Newberg, OR 97132",503) 864-0193,https://www.instagram.com/rever.iecollective,N/A,https://www.tiktok.com/en,http://www.reverietattoo.studio,Lakeview,OR,USA,INFO.REVERIECOLLECTIVE@GMAIL.COM; info.reveriecollective@gmail.com; user@domain.com,5.0,2026-06-16 19:13:13
grieving ink tattoo,34,"106 W 3rd St, Amity, OR 97101",916) 809-4882,https://www.instagram.com/grievinginktattoo,https://www.facebook.com/grievinginktattoo,https://www.tiktok.com/@purelypixi,http://www.grievinginktattoo.com,Lakeview,OR,USA,Ryan@grievingink.com; ryan@grievingink.com,5.0,2026-06-16 19:14:09
Black Rose Tattoo And Piercing,99,"223 OR-99W, McMinnville, OR 97128",971) 241-1094,https://www.instagram.com/blackrosetattooers,https://www.facebook.com/Cassidytattoo,https://www.tiktok.com/@blackrosetattoocrew,N/A,Lakeview,OR,USA,N/A,4.4,2026-06-16 19:15:15
Neighborhood Tattoo Parlor,0,"296 N 2nd St, Jefferson, OR 97352",N/A,https://instagram.com/claytontattooer,https://www.facebook.com/instagram,https://www.tiktok.com/@inkedabroad,https://instagram.com/claytontattooer,Lakeview,OR,USA,N/A,0,2026-06-16 19:16:51
Leaf & Lily Tattoo,26,"106 Depot St, Rogue River, OR 97537",N/A,https://www.instagram.com/jaimebryn,https://www.facebook.com/groups,https://www.tiktok.com/@avamartin75,http://leafandlily.ink,Lakeview,OR,USA,N/A,5.0,2026-06-16 19:17:48
Tinta Tattoo,40,"10 N Platt Ave, Eagle Point, OR 97524",541) 816-2299,https://www.instagram.com/blusteelstudio,https://www.facebook.com/Tintatattooep,https://www.tiktok.com/@tattoounleashed,https://blusteelstudio.com,Lakeview,OR,USA,N/A,5.0,2026-06-16 19:19:48
M.inked Beauty LLC,7,"1900 NE Hwy 99W suite H, McMinnville, OR 97128",971) 241-5072,https://www.instagram.com/m.inkedbeautyllc,https://www.facebook.com/covetedbeautyxmolly,https://www.tiktok.com/@kingz_artistry,N/A,Lakeview,OR,USA,N/A,4.4,2026-06-16 19:20:40
Sundew Tattoo,107,"1276 Main St E, Monmouth, OR 97361",N/A,https://www.instagram.com/sundew.tattoo,N/A,N/A,https://sundewtattoo.com,Lakeview,OR,USA,N/A,5.0,2026-06-16 19:22:31
Ink’d by Mick,28,"22455 SW Oak St #3, Sherwood, OR 97140",661) 304-5798,https://www.instagram.com/inkdbymick,https://www.facebook.com/INKdbyV,https://www.tiktok.com/@inkdbymick,https://venue.ink/@inkdbymick,Lakeview,OR,USA,N/A,4.9,2026-06-16 19:23:37
Dark Mark Tattoo & Beauty,69,"12930 SW Pacific Hwy #133, Tigard, OR 97223",N/A,https://www.instagram.com/darkmarkpdx,https://www.facebook.com/p,https://www.tiktok.com/@darkmarkink,http://www.darkmarkpdx.com,Lakeview,OR,USA,N/A,0,2026-06-16 19:25:57
Xeper tattoo & personal development,157,"7150 Gleneden Beach Loop, Gleneden Beach, OR 97388",971) 277-0059,N/A,https://www.facebook.com/natayotattoos,https://www.tiktok.com/@tattooing101,https://www.facebook.com/natayotattoos,Lakeview,OR,USA,N/A,5.0,2026-06-16 19:27:24
Parlor on 3rd,25,"405 NE 3rd St Suite 3, McMinnville, OR 97128",541) 282-4081,N/A,N/A,https://www.tiktok.com/@iamcardib,https://m.facebook.com/parloron3rd,Lakeview,OR,USA,N/A,4.8,2026-06-16 19:28:28
Dead Gods Tattoo,203,"11509 SW Pacific Hwy, Portland, OR 97223",503) 352-4405,https://www.instagram.com/deadgodstattoo,https://www.facebook.com/DeadGodsTattoo,https://www.tiktok.com/@deadgodstattoo,https://deadgodstattoo.com,Lakeview,OR,USA,tigard@deadgodstattoo.com; westlinn@deadgodstattoo.com,4.8,2026-06-16 19:29:39
Darkest Days Tattoo,129,"1107 SW Coast Hwy, Newport, OR 97365",541) 961-4587,https://www.instagram.com/darkestdaystattoo,http://www.facebook.com/wix,https://www.tiktok.com/@destroydraven,https://www.darkestdaystattoo.ink,Lakeview,OR,USA,N/A,4.9,2026-06-16 19:30:46
Tattoos by Savy,9,"415 NE 3rd St, McMinnville, OR 97128",971) 801-4212,https://www.instagram.com/savyyjb,https://www.facebook.com/savytattoos,https://www.tiktok.com/@savymerino,https://www.tattoosbysavy.com,Lakeview,OR,USA,N/A,5.0,2026-06-16 19:32:16
Wildcat Electric Tattoo,25,"1333 Main St, Philomath, OR 97370",541) 286-5550,https://www.instagram.com/wildcat_electric_tattoo,https://www.facebook.com/Wildcat.Ink,https://www.tiktok.com/@donebyself,https://form.jotform.com/250055512304140,Lakeview,OR,USA,email@yahoo.com; example@example.com,5.0,2026-06-16 19:33:30
Black N Blue Tattoo & Skate Shop,382,"1221 NW U.S. 101 Ste A, Lincoln City, OR 97367",541) 418-1527,http://instagram.com/blacknbluetattoonskateshop,N/A,N/A,http://blacknbluetattoo.com,Lakeview,OR,USA,BlackNBlue.Tattoo@yahoo.com; Malcolmlynchtattoos@gmail.com; emailBlackNBlue.Tattoo@yahoo.com; user@domain.com,4.9,2026-06-16 19:35:16
Kitty Meow Ink,3,"198 Gregory Dr, Winston, OR 97496",541) 315-9587,https://www.instagram.com/kittymeowboutique,https://www.facebook.com/p,https://www.tiktok.com/@maggi.ink,N/A,Lakeview,OR,USA,N/A,0,2026-06-16 19:37:04
Old Growth Tattoo Studio,178,"955 NW U.S. 101, Lincoln City, OR 97367",541) 647-3160,https://www.instagram.com/wix,https://www.facebook.com/groups,https://www.tiktok.com/@leilahormozi,http://oldgrowthtattoo.com,Lakeview,OR,USA,example@mysite.com,4.9,2026-06-16 19:38:40
Ink Therapy Tattoo,80,"9050 SW Barbur Blvd, Portland, OR 97219",559) 967-3634,https://www.instagram.com/inktherapypdx,https://www.facebook.com/TATTOOED.BIG.MIKE,https://www.tiktok.com/@_tipsytina,https://inktherapypdx.com,Lakeview,OR,USA,N/A,4.8,2026-06-16 19:40:10
Hell Bent Tattoo,27,"330 OR-99 Ste E, Cottage Grove, OR 97424",541) 357-9818,https://www.instagram.com/hellbent.tattoo,https://www.facebook.com/p,https://www.tiktok.com/@hellbent_tattoo,https://www.bratinks.com,Lakeview,OR,USA,N/A,5.0,2026-06-16 19:41:20
Main Street Tattoo,42,"259 S Main St, Independence, OR 97351",503) 838-9891,https://www.instagram.com/outinthestyx,https://www.facebook.com/twbtattoos,https://www.tiktok.com/@mainstreettattoo,N/A,Lakeview,OR,USA,N/A,4.7,2026-06-16 19:42:17
Cross Over Tattoo Studio,150,"24048 US-20, Philomath, OR 97370",541) 961-0127,https://www.instagram.com/justin_d_crossovertattoo_art,https://www.facebook.com/crossovertattoostudio,https://www.tiktok.com/@weschetattoo,http://crossovertattoostudio.com,Lakeview,OR,USA,cross_over_tattoo@yahoo.com,0,2026-06-16 19:43:33
Magnificent Ink,21,"646 US-101 #4, Depoe Bay, OR 97341",503) 894-3109,https://www.instagram.com/p,https://www.facebook.com/groups,https://www.tiktok.com/@magnificent__meg,N/A,Lakeview,OR,USA,N/A,0,2026-06-16 19:44:35
Reborn Ink,55,"104 S Mill St suite 102, Creswell, OR 97426",541) 658-5107,N/A,https://www.facebook.com/rebornink78,https://www.tiktok.com/@ink.reborn,https://www.facebook.com/rebornink78,Lakeview,OR,USA,N/A,5.0,2026-06-16 19:45:59
Storylines Ink Parlor,83,"324 N Coast Hwy ste. #4, Newport, OR 97365",661) 474-1383,https://www.instagram.com/james.paul.egan,https://www.facebook.com/share,https://www.tiktok.com/@inkslingertattoostudio,http://storylinesinkparlor.com,Lakeview,OR,USA,N/A,5.0,2026-06-16 19:47:35
Brigett Price Lucid Ink Tattoo,11,"4625 SE Woodstock Blvd, Portland, OR 97206",503) 758-3407,https://www.instagram.com/brigettprice,https://www.facebook.com/BrigettPriceTattoos,https://www.tiktok.com/@justinelucyyink,N/A,Lakeview,OR,USA,N/A,5.0,2026-06-16 19:48:50
Suite D Tattoo,3,"35170 Brooten Rd Suite D, Pacific City, OR 97135",541) 921-1935,N/A,https://www.facebook.com/SuiteDTattooPC,https://www.tiktok.com/@ladefaction,http://www.suitedtattoo.com,Lakeview,OR,USA,N/A,0,2026-06-16 19:50:35
Stay True Tattoo,109,"2600 NW U.S. 101 E, Lincoln City, OR 97367",541) 364-1084,http://instagram.com/staytruelincolncity,N/A,https://www.tiktok.com/@ink.sick23,https://www.staytruelincolncity.com,Lakeview,OR,USA,contact@staytruelincolncity.com; staytruelincolncity@gmail.com; user@domain.com,4.9,2026-06-16 19:51:37
Gilded Heart Tattoo,99,"211 E 1st St, Newberg, OR 97132",971) 832-8002,https://www.instagram.com/gildedhearttattoo,N/A,https://www.tiktok.com/@lucasmalone4,https://www.gildedhearttattoo.com,Lakeview,OR,USA,Tat2clan@yahoo.com; tat2clan@yahoo.com; user@domain.com,4.5,2026-06-16 19:53:31
99 TATTOO,284,"904 NW Kings Blvd, Corvallis, OR 97330",541) 777-9972,https://www.instagram.com/_99tattoo,N/A,https://www.tiktok.com/@rozznozz,https://www.instagram.com/_99tattoo,Lakeview,OR,USA,N/A,4.9,2026-06-16 19:57:15
No Guts No Glory Tattoo,148,"1333 NW U.S. 101, Lincoln City, OR 97367",541) 996-8186,N/A,N/A,N/A,https://m.facebook.com/No-Guts-No-Glory-Tattoo-126988387337730,Lakeview,OR,USA,N/A,4.6,2026-06-16 19:59:28
Blue Lace Body Art,17,"92573 River Rd, Junction City, OR 97448",N/A,https://www.instagram.com/emilydianetattoos,https://www.facebook.com/bluelacebodyart,https://www.tiktok.com/@skinsleyyy,N/A,Lakeview,OR,USA,N/A,0,2026-06-16 20:00:28
Viking Tattoo Studio,22,"341 W 6th Ave, Junction City, OR 97448",541) 234-2192,https://www.instagram.com/thevikingtattoostudio,https://www.facebook.com/vikingtattoostudiooregon,https://www.tiktok.com/@vikingtattoostudio,http://vikingtattoostudio.com,Lakeview,OR,USA,TheVikingTattooStudio@yahoo.com,5.0,2026-06-16 20:01:27
Mild Bill's Mighty Oak Tattoo,5,"47581 OR-58, Oakridge, OR 97463",541) 321-9232,N/A,https://www.facebook.com/p,https://www.tiktok.com/@jermdesigns,N/A,Lakeview,OR,USA,N/A,5.0,2026-06-16 20:02:49
Ashe Tattoo Collective,63,"682 S Main St, Myrtle Creek, OR 97457",N/A,https://www.instagram.com/p,https://www.facebook.com/groups,https://www.tiktok.com/@edenbodyartstudios,N/A,Lakeview,OR,USA,N/A,4.4,2026-06-16 20:03:44
Anatomy Tattoo,176,"3021 NE Broadway, Portland, OR 97232",503) 231-1199,https://www.instagram.com/p,https://www.facebook.com/anatomytattoopdx,https://www.tiktok.com/@pmtsketch,https://anatomytattoo.com,Lakeview,OR,USA,N/A,4.8,2026-06-16 20:07:44
Tiburon Tattoo Society,7,"5060 SE Hwy 101, Lincoln City, OR 97367",541) 614-0045,https://www.instagram.com/that_tall_tattoo_guy,https://www.facebook.com/tidepooltattoo,https://www.tiktok.com/@ladefaction,http://www.tiburontattoo.com,Lakeview,OR,USA,amkryukov@gmail.com; jonpinhorn.typedesign@gmail.com,5.0,2026-06-16 20:08:47
Lucky Tiger Tattoo,35,"1333 Main St, Philomath, OR 97370",541) 929-6666,https://www.instagram.com/luckytigertattooparlor,https://www.facebook.com/p,https://www.tiktok.com/@artforthewanderer,https://www.instagram.com/luckytigertattooparlor,Lakeview,OR,USA,N/A,4.6,2026-06-16 20:10:48
SWORDFISH TATTOO,10,"1106 Pine St, Silverton, OR 97381",971) 227-7260,http://instagram.com/swordfishtattoo,N/A,https://www.tiktok.com/@tekulvetattoos,http://swordfishtattoo.com,Lakeview,OR,USA,user@domain.com,5.0,2026-06-16 20:11:47
Wicked Ink Tattoo,3,"185 SW Hwy 101, Waldport, OR 97394",541) 538-1370,https://www.instagram.com/risleytallon,N/A,https://www.tiktok.com/@wickedink52241,https://www.instagram.com/risleytallon,Lakeview,OR,USA,N/A,5.0,2026-06-16 20:13:15
Out of Step Tattoo,13,"1257 High St, Eugene, OR 97401",541) 653-8914,https://www.instagram.com/oostattoo,N/A,https://www.tiktok.com/@mellsbellls,https://www.oostattoo.com,Lakeview,OR,USA,steve@oosbooks.com; user@domain.com,4.4,2026-06-16 20:14:22
Boymamaink,6,"324 SW Coast Hwy, Newport, OR 97365",503) 995-2009,N/A,N/A,N/A,https://web.getporter.io/artist/melissa-mabe,Lakeview,OR,USA,N/A,5.0,2026-06-16 20:17:29
Cascade Tattoo Company (Hanks Family Tattoo),169,"409 Lincoln St #6, The Dalles, OR 97058",808) 255-1624,N/A,http://www.facebook.com/hanksfamilytattooco,N/A,http://www.facebook.com/hanksfamilytattooco,Lakeview,OR,USA,N/A,5.0,2026-06-16 20:18:35
Off The Grid Tattoo,442,"890 Biddle Rd, Medford, OR 97504",541) 622-9666,https://www.instagram.com/offthegridtattoo2024,N/A,https://www.tiktok.com/@natepetroski,http://www.offthegridtattoos.com,Lakeview,OR,USA,Dreamr1777@gmail.con,5.0,2026-06-16 20:19:49
Heritage Tattoos By Jess,11,"108 N 7th St, Winchester Bay, OR 97467",541) 999-0552,https://www.instagram.com/jessvehretattoo,https://www.facebook.com/HeritageTattoosByJess,N/A,https://www.heritagetattoosbyjess.com,Lakeview,OR,USA,HeritageTattoosByJess@gmail.com,4.2,2026-06-16 20:20:52
Rogue Tattoo,183,"1050 Crater Lake Ave Ste d, Medford, OR 97504",541) 622-8119,https://www.instagram.com/roguetattoo1050,https://www.facebook.com/RogueTattoos,https://www.tiktok.com/@matsy__,N/A,Lakeview,OR,USA,N/A,4.7,2026-06-16 20:22:35
Capital G's Tattoo,132,"810 Biddle Rd, Medford, OR 97504",541) 500-1060,https://www.instagram.com/capitalgstattoo,https://www.facebook.com/groups,https://www.tiktok.com/@capitalgstattoo,N/A,Lakeview,OR,USA,N/A,4.9,2026-06-16 20:23:56
Beloved Tattoo,8,"1917 Court Ave, Baker City, OR 97814",N/A,https://www.instagram.com/ladyloohoo,https://www.facebook.com/belovedtattoo,https://www.tiktok.com/@dearlybelovedtattoo,http://beloved-tattoo15.square.site,Lakeview,OR,USA,belovedtattoo15@gmail.com; hi@mystore.com,5.0,2026-06-16 20:24:54
The Fabled Tattooist,3,"21 S 7th St, Central Point, OR 97502",N/A,https://www.instagram.com/thefabledtattooist,https://www.facebook.com/groups,https://www.tiktok.com/@inkedmagazine,https://thefabledtattooist.carrd.co,Lakeview,OR,USA,thefabledtattooist@gmail.com,5.0,2026-06-16 20:26:38
Harbor Tattoo Gallery,62,"545 Chetco Ave, Brookings, OR 97415",541) 251-7713,https://www.instagram.com/popular,https://www.facebook.com/p,https://www.tiktok.com/@beanz_tattoos,N/A,Lakeview,OR,USA,N/A,4.5,2026-06-16 20:27:31
Phyllis Scherer - Permanent Makeup Studio 80 LLC,47,"610 Vaughan Ln 80 Unit 80, Lebanon, OR 97355",503) 732-9977,https://www.instagram.com/alwaysbeautifulcosmetictattoo,N/A,https://www.tiktok.com/@silk.sucks,https://pmustudio80.com,Lebanon,OR,USA,alwaysbeautiful.ps@gmail.com; user@domain.com,0,2026-06-16 20:33:07
Reverie,30,"113 N Blaine St, Newberg, OR 97132",503) 864-0193,https://www.instagram.com/rever.iecollective,N/A,https://www.tiktok.com/@abbiesteeletattoos,http://www.reverietattoo.studio,Lexington,OR,USA,INFO.REVERIECOLLECTIVE@GMAIL.COM; user@domain.com,5.0,2026-06-16 20:37:33
Main Street Tattoo,42,"259 S Main St, Independence, OR 97351",503) 838-9891,https://www.instagram.com/main.st.tattoo,https://www.facebook.com/mainstreettattooslasvegas,https://www.tiktok.com/@mainstreettattoo,N/A,Lexington,OR,USA,N/A,4.7,2026-06-16 20:38:55
Gilded Heart Tattoo,99,"211 E 1st St, Newberg, OR 97132",971) 832-8002,https://www.instagram.com/gildedhearttattoo,N/A,https://www.tiktok.com/@lucasmalone4,https://www.gildedhearttattoo.com,Lexington,OR,USA,Tat2clan@yahoo.com; tat2clan@yahoo.com; user@domain.com,4.5,2026-06-16 20:41:41
Eastwood Tattoos,39,"101 W Main Ave Suite 203, Sisters, OR 97759",541) 719-8845,https://www.instagram.com/eastwood_tattoos,N/A,N/A,http://eastwoodtattoos.com,Millersburg,OR,USA,amkryukov@gmail.com; joanneeastwoodtattoo@gmail.com; joanneleastwood@gmail.com; jonpinhorn.typedesign@gmail.com,4.8,2026-06-16 20:59:05
Eternal Tattoo Company,49,"615 SW Evergreen Ave #301, Redmond, OR 97756",541) 316-8008,N/A,https://www.facebook.com/p,https://www.tiktok.com/@eternal.tattoo.ne,http://www.eternaltattoocompany.com,Millersburg,OR,USA,eternaltattoocompany@protonmail.com,4.5,2026-06-16 21:00:39
Gold Star Tattoo,33,"41 SW D St Ste 102, Madras, OR 97741",541) 699-1155,https://www.instagram.com/gold_star_tattoo,https://www.facebook.com/p,https://www.tiktok.com/@astartattoos,http://goldstartattooco.com,Millersburg,OR,USA,N/A,4.8,2026-06-16 21:02:07
Four Flames Tattoo Studio,95,"2905 S Hwy 97 Ste 110, Redmond, OR 97756",541) 930-4224,https://www.instagram.com/four_flames_tattoo,N/A,https://www.tiktok.com/@alex78082,http://www.fourflamestattoo.com,Millersburg,OR,USA,user@domain.com,4.9,2026-06-16 21:03:11
Monolith Tattoo & Piercing,650,"61470 S Hwy 97 #3a, Bend, OR 97702",541) 647-2347,https://www.instagram.com/monolith_tattoo_studio,https://www.facebook.com/monolithtattoo,https://www.tiktok.com/@monolithstudio,http://www.monolithtattoostudio.com,Millersburg,OR,USA,N/A,4.8,2026-06-16 21:08:47
Lucky Supreme Tattoo,156,"512 Main St, Oregon City, OR 97045",503) 785-3750,N/A,N/A,N/A,N/A,Millersburg,OR,USA,N/A,4.9,2026-06-16 21:11:54
High Desert Ink,101,"308 NW 6th St, Redmond, OR 97756",541) 728-4370,https://www.instagram.com/desertinkstudios,https://www.facebook.com/desertinktatt,https://www.tiktok.com/@honeyinkz,https://www.highdesertink.com,Millersburg,OR,USA,N/A,4.6,2026-06-16 21:21:20
Bend Tattoo Company,185,"875 SE 3rd St #200, Bend, OR 97702",541) 848-8361,https://www.instagram.com/sethrowan1,https://www.facebook.com/BendTattooCompany,https://www.tiktok.com/@ridertattoostudio,http://www.bendtattoo.com,Millersburg,OR,USA,donotreply@nccdn.net; email@bendtattoo.com; info@sethrowan.com,4.9,2026-06-16 21:23:42
Monolith Tattoo Academy,27,"61470 S Hwy 97 #3C, Bend, OR 97702",541) 977-1938,https://www.instagram.com/monolith_tattoo_academy,https://www.facebook.com/monolithtattoo,https://www.tiktok.com/@monolithstudio,https://monolithtattooacademy.com,Millersburg,OR,USA,N/A,4.8,2026-06-16 21:25:15
Rider Tattoo,126,"70 SW Century Dr #110, Bend, OR 97702",458) 202-4751,https://www.instagram.com/tiffanytattoos,https://www.facebook.com/Ridertattooco,http://www.tiktok.com/@tiffanytattoos,http://ridertattoo.com,Millersburg,OR,USA,Tannertattoosthings1@gmail.com; booking@ridertattoo.com; filler@godaddy.com,4.9,2026-06-16 21:26:45
Smith Rock Tattoo Co,6,"8255 NW 11th St Ste 1, Terrebonne, OR 97760",N/A,https://www.instagram.com/smithrocktattooco,https://www.facebook.com/p,https://www.tiktok.com/@thebuckarootattoo,https://www.instagram.com/smithrocktattooco,Millersburg,OR,USA,N/A,4.3,2026-06-16 21:28:36
Hurts So Good Tattooing,27,"19008 SE Division St, Gresham, OR 97030",503) 206-6043,https://www.instagram.com/hurtssogoodtat,https://www.facebook.com/groups,https://www.tiktok.com/@thefangandflower,https://m.facebook.com/pages/category/Tattoo---Piercing-Shop/Hurts-So-Good-Tattooing-350760809851,Millersburg,OR,USA,N/A,5.0,2026-06-16 21:30:29
Sundew Tattoo,107,"1276 Main St E, Monmouth, OR 97361",N/A,https://www.instagram.com/sundew.tattoo,https://www.facebook.com/groups,https://www.tiktok.com/@morgsvstheworld,https://sundewtattoo.com,Millersburg,OR,USA,N/A,5.0,2026-06-16 21:31:48
Milwaukie Tattoo Co,177,"10387 SE Main St, Milwaukie, OR 97222",971) 403-6766,http://instagram.com/squarespace,N/A,https://www.tiktok.com/@t.c.tattoo,http://www.milwaukietattoo.com,Milwaukie,OR,USA,milwaukietattooco@gmail.com; user@domain.com,4.4,2026-06-16 21:34:55
Welcome Home Tattoo,96,"1981 SE Monroe St, Milwaukie, OR 97222",503) 545-0515,https://www.instagram.com/brutalxboogie,https://www.facebook.com/groups,https://www.tiktok.com/@inkkingdom_tattoo_phuket,https://welcomehometattoo.com,Milwaukie,OR,USA,N/A,5.0,2026-06-16 21:35:51
Star Tattoo,48,"14110 SE McLoughlin Blvd, Milwaukie, OR 97267",503) 653-5679,N/A,N/A,N/A,N/A,Milwaukie,OR,USA,N/A,4.9,2026-06-16 21:39:03
Tessa Raye Tattoos,46,"10675 SE 42nd Ave, Milwaukie, OR 97222",N/A,http://instagram.com/tessarayetattoos,N/A,https://www.tiktok.com/@tessarayetattoos,https://tessaraye.com,Milwaukie,OR,USA,user@domain.com,5.0,2026-06-16 21:40:25
"Raincloud Tattoo, private studio of Kari Yocom",119,"5115 SE Aldercrest Rd, Milwaukie, OR 97222",971) 206-4151,https://www.instagram.com/pdxraincloud,N/A,https://www.tiktok.com/@pdxraincloud,http://raincloudtattoo.com,Milwaukie,OR,USA,pdxraincloudtattoo@gmail.com; raincloudtattoo@pm.me; user@domain.com,5.0,2026-06-16 21:43:03
Pussycat Tattoo,64,"17052 SE McLoughlin Blvd, Milwaukie, OR 97267",503) 786-8090,https://www.instagram.com/pusssycattattoo,https://www.facebook.com/Pussycat-Tattoo-127975257222799,https://www.tiktok.com/@pussycat.tattoo,https://pussycattattoo.com,Milwaukie,OR,USA,customtattooforyou@gmail.com,5.0,2026-06-16 21:45:15
Jonny Shiitake's Ludicrous Ink Tattoo,6,"6120 SE King Rd, Milwaukie, OR 97222",503) 678-3373,N/A,N/A,N/A,https://ludicrousink.com,Milwaukie,OR,USA,N/A,5.0,2026-06-16 21:47:47
Patron Saints Tattoo,74,"18805 SE McLoughlin Blvd, Portland, OR 97267",503) 882-8415,N/A,N/A,N/A,http://patronsaintstattoo.com,Milwaukie,OR,USA,N/A,5.0,2026-06-16 21:52:14
Euphoria Body Piercing & Tattoo,167,"12000 SE 82nd Ave D217, Happy Valley, OR 97086",503) 659-3848,N/A,N/A,N/A,http://euphoria-piercing-tattoo.com,Milwaukie,OR,USA,N/A,4.5,2026-06-16 21:55:36
Italic Ink,9,"139 S Monmouth Ave, Monmouth, OR 97361",503) 910-3857,https://www.instagram.com/italicinktattoo,https://www.facebook.com/italicinktattoo,N/A,https://www.italicinktattoo.com,Monmouth,OR,USA,italicinktattoo@gmail.com,5.0,2026-06-16 22:03:48
Main Street Tattoo,42,"259 S Main St, Independence, OR 97351",503) 838-9891,N/A,N/A,N/A,N/A,Monmouth,OR,USA,N/A,4.7,2026-06-16 22:05:41
Sacred Art Tattoo LLC,134,"1425 NW Monroe Ave # C, Corvallis, OR 97330",541) 752-7463,N/A,N/A,N/A,N/A,Monroe,OR,USA,N/A,4.5,2026-06-16 22:08:53
Cross Over Tattoo Studio,150,"24048 US-20, Philomath, OR 97370",541) 961-0127,https://www.instagram.com/justin_d_crossovertattoo_art,https://www.facebook.com/crossovertattoostudio,https://www.tiktok.com/@justinkd_tatts,http://crossovertattoostudio.com,Monroe,OR,USA,cross_over_tattoo@yahoo.com,4.9,2026-06-16 22:10:12
No Hope No Fear Tattoo Art Studio,35,"828 SE 1st St, McMinnville, OR 97128",503) 583-2833,https://www.instagram.com/nohopenofeartattoo,https://www.facebook.com/nohopenofeartattoo,https://www.tiktok.com/@jameskernart,http://www.nohopenofeartattoo.com,Monroe,OR,USA,N/A,4.8,2026-06-16 22:15:42
Sweet Home Tattoo,23,"1228 Main St, Sweet Home, OR 97386",503) 984-1576,N/A,N/A,N/A,N/A,Monroe,OR,USA,N/A,4.7,2026-06-16 22:17:44
Magnificent Ink,16,"164 C St, Independence, OR 97351",503) 894-3109,https://www.instagram.com/p,https://www.facebook.com/groups,https://www.tiktok.com/@emokingpin,N/A,Monroe,OR,USA,N/A,5.0,2026-06-16 22:18:56
Ink Rich Tattoo,41,"1210 S Main St, Lebanon, OR 97355",541) 570-3370,N/A,N/A,N/A,N/A,Monroe,OR,USA,N/A,5.0,2026-06-16 22:20:19
Real Eye Zing Art,127,"203 S 1st St, St Helens, OR 97051",503) 396-5018,https://www.instagram.com/realeyezingart,https://www.facebook.com/realeyezingart,https://www.tiktok.com/@realeyezingart,https://realeyezingart.com,Monroe,OR,USA,N/A,4.5,2026-06-16 22:25:54
Euphoria Body Piercing & Tattoo,167,"12000 SE 82nd Ave D217, Happy Valley, OR 97086",503) 659-3848,N/A,N/A,N/A,http://euphoria-piercing-tattoo.com,Monroe,OR,USA,N/A,4.5,2026-06-16 22:33:31
Harley's Piercing Parlor,164,"1860 Virginia Ave Ste 9, North Bend, OR 97459",541) 260-2002,https://www.instagram.com/harleyspiercingparlor,https://www.facebook.com/harleyspiercingparlor,https://www.tiktok.com/@feedmegems,http://harleyspiercing-parlor.square.site,Monroe,OR,USA,N/A,4.7,2026-06-16 22:39:45
Hood River Tattoo,16,"209 Oak St Unit 204, Hood River, OR 97031",541) 490-2775,https://www.instagram.com/hoodrivertattoo,https://www.facebook.com/hoodrivertattoo,N/A,http://hoodrivertattoo.com,Odell,OR,USA,hoodrivertattoo@gmail.com,4.5,2026-06-16 23:03:26
Society Tattoo & Piercing,20,"307 Oak St, Hood River, OR 97031",509) 310-8494,https://www.instagram.com/vagaropro,https://www.facebook.com/vagaropro,https://www.tiktok.com/@the.inksociety,https://www.vagaro.com/societypiercing,Odell,OR,USA,N/A,4.4,2026-06-16 23:05:13
Walk In Tattoos Hood River,43,"202 Cascade Ave # F, Hood River, OR 97031",541) 399-7572,https://www.instagram.com/walk.in.tattoos.hoodriver,https://www.facebook.com/p,N/A,N/A,Odell,OR,USA,N/A,0,2026-06-16 23:06:26
Cascade Tattoo Company (Hanks Family Tattoo),169,"409 Lincoln St #6, The Dalles, OR 97058",808) 255-1624,N/A,http://www.facebook.com/hanksfamilytattooco,N/A,http://www.facebook.com/hanksfamilytattooco,Odell,OR,USA,N/A,0,2026-06-16 23:07:47
Blink & Ink Artistry,18,"216 Columbia St, Hood River, OR 97031",971) 506-2860,https://www.instagram.com/subisalon,N/A,https://www.tiktok.com/@inkd.inc,http://www.subisalon.com,Odell,OR,USA,info@subisalon.com; user@domain.com,5.0,2026-06-16 23:09:20
Angel Ink Tattoo,257,"502 Main St, Oregon City, OR 97045",503) 655-4055,https://www.instagram.com/p,https://www.facebook.com/angelinktattooschool,https://www.tiktok.com/@angel.inkz,http://www.angelinktattoo.com,Odell,OR,USA,N/A,4.7,2026-06-16 23:10:24
Jaded Soul’s Living Art Tattoo,334,"25 NW 1st St, Gresham, OR 97030",503) 492-6420,https://www.instagram.com/jadedsoulslivingarttattoo,http://www.facebook.com/pages,https://www.tiktok.com/@gabedesimone337,http://www.jadedsoultattoo.com,Odell,OR,USA,Tattoogresham@gmail.com; tattoogresham@gmail.com,0,2026-06-16 23:11:43
Tattoos by Nitereign,1,"116 3rd St, Hood River, OR 97031",541) 300-9077,https://www.instagram.com/denvernitereign,https://www.facebook.com/groups,https://www.tiktok.com/@malditonacho,N/A,Odell,OR,USA,N/A,5.0,2026-06-16 23:12:43
Hood River Tattoo,16,"209 Oak St Unit 204, Hood River, OR 97031",541) 490-2775,https://www.instagram.com/hoodrivertattoo,https://www.facebook.com/hoodrivertattoo,N/A,http://hoodrivertattoo.com,Ontario,OR,USA,hoodrivertattoo@gmail.com,4.5,2026-06-16 23:14:40
Lucky Supreme Tattoo,156,"512 Main St, Oregon City, OR 97045",503) 785-3750,https://www.instagram.com/lucky_supreme_tattoo,https://www.facebook.com/LuckySupremeTattoo,https://www.tiktok.com/@cometosister,N/A,Ontario,OR,USA,N/A,4.9,2026-06-16 23:15:38
Angel Ink Tattoo,257,"502 Main St, Oregon City, OR 97045",503) 655-4055,https://www.instagram.com/red_fang_ink,https://www.facebook.com/angelinktattooschool,https://www.tiktok.com/@angel.inkz,http://www.angelinktattoo.com,Ontario,OR,USA,N/A,0,2026-06-16 23:16:53
Walk In Tattoos Hood River,43,"202 Cascade Ave # F, Hood River, OR 97031",541) 399-7572,https://www.instagram.com/walk.in.tattoos.hoodriver,https://www.facebook.com/p,N/A,N/A,Ontario,OR,USA,N/A,4.8,2026-06-16 23:17:57
OREGON CITY TATTOO,142,"Lower Level, 207 7th St B1, Oregon City, OR 97045",503) 974-9173,http://instagram.com/squarespace,N/A,https://www.tiktok.com/@oc.chamber,http://www.oregoncitytattoo.com,Ontario,OR,USA,user@domain.com,4.8,2026-06-16 23:19:03
Illuminati Tattoo Oregon City,102,"517 Main St Ste A, Oregon City, OR 97045",971) 206-8194,N/A,https://www.facebook.com/Illuminati-Tattoo-of-Oregon-City-2159623197629582,https://www.tiktok.com/@illuminati.tattoo0,https://www.facebook.com/Illuminati-Tattoo-of-Oregon-City-2159623197629582,Ontario,OR,USA,N/A,4.7,2026-06-16 23:20:14
Cascade Tattoo Company (Hanks Family Tattoo),169,"409 Lincoln St #6, The Dalles, OR 97058",808) 255-1624,N/A,http://www.facebook.com/hanksfamilytattooco,N/A,http://www.facebook.com/hanksfamilytattooco,Ontario,OR,USA,N/A,0,2026-06-16 23:21:24
Bigtime Walk-In Tattoo,259,"3949 N Williams Ave, Portland, OR 97227",503) 265-8146,https://www.instagram.com/bigtimetattoopdx,N/A,N/A,https://bigtimepdx.com,Ontario,OR,USA,info@bigtimepdx.com; tysondraws@yahoo.com; user@domain.com,4.9,2026-06-16 23:22:47
OREGON CITY TATTOO,142,"Lower Level, 207 7th St B1, Oregon City, OR 97045",503) 974-9173,http://instagram.com/squarespace,N/A,https://www.tiktok.com/@oc.chamber,http://www.oregoncitytattoo.com,Oregon City,OR,USA,user@domain.com,4.8,2026-06-16 23:24:33
Illuminati Tattoo Oregon City,102,"517 Main St Ste A, Oregon City, OR 97045",971) 206-8194,N/A,https://www.facebook.com/Illuminati-Tattoo-of-Oregon-City-2159623197629582,N/A,https://www.facebook.com/Illuminati-Tattoo-of-Oregon-City-2159623197629582,Oregon City,OR,USA,N/A,0,2026-06-16 23:26:06
Wits End Tattoo,24,"358 Warner Milne Rd G103, Oregon City, OR 97045",971) 288-7992,https://www.instagram.com/wits.end.tattoo,https://www.facebook.com/adamstrongart,https://www.tiktok.com/@inked.yazz,http://witsendtattoo.com,Oregon City,OR,USA,N/A,0,2026-06-16 23:27:40
Idol Hands Tattoo,11,"707 Madison St, Oregon City, OR 97045",503) 500-2854,https://www.instagram.com/p,https://www.facebook.com/p,https://www.tiktok.com/@ally.3.p,N/A,Oregon City,OR,USA,N/A,4.6,2026-06-16 23:28:40
Dead Gods Tattoo,79,"1914 Willamette Falls Dr #230, West Linn, OR 97068",503) 344-4170,https://www.instagram.com/deadgodstattoo,https://www.facebook.com/DeadGodsTattoo,https://www.tiktok.com/@ink_fae,http://deadgodstattoo.com,Oregon City,OR,USA,tigard@deadgodstattoo.com; westlinn@deadgodstattoo.com,5.0,2026-06-16 23:29:56
Patron Saints Tattoo,74,"18805 SE McLoughlin Blvd, Portland, OR 97267",503) 882-8415,https://www.instagram.com/patronsaintstattoo,https://www.facebook.com/p,https://www.tiktok.com/@evergreatestph,http://patronsaintstattoo.com,Oregon City,OR,USA,Zacharyrip@yahoo.com; sebastian@aldusleaf.org,5.0,2026-06-16 23:30:59
Graveyard Tattoos,106,"9235 SE Clackamas Rd, Clackamas, OR 97015",503) 655-0200,https://www.instagram.com/popular,https://www.facebook.com/media,https://www.tiktok.com/@its.connor.logan,http://www.graveyardtattoos.com,Oregon City,OR,USA,N/A,4.8,2026-06-16 23:32:14
Established Ink Tattoo,64,"15010 SE McLoughlin Blvd #4, Milwaukie, OR 97267",503) 484-4473,N/A,https://www.facebook.com/Established-Ink-Tattoo-212628125467975,https://www.tiktok.com/@layedink,https://www.facebook.com/Established-Ink-Tattoo-212628125467975,Oregon City,OR,USA,N/A,0,2026-06-16 23:34:12
Saltwater Tattoo Collective,12,"34950 Brooten Rd, Cloverdale, OR 97112",503) 437-4781,https://instagram.com/tattoosbyjessward,https://www.facebook.com/p,https://www.tiktok.com/@emscottla,https://www.tattoosbyjessward.com,Pacific City,OR,USA,N/A,5.0,2026-06-16 23:36:06
Suite D Tattoo,3,"35170 Brooten Rd Suite D, Pacific City, OR 97135",541) 921-1935,N/A,https://www.facebook.com/SuiteDTattooPC,https://www.tiktok.com/@let_marcelino,http://www.suitedtattoo.com,Pacific City,OR,USA,N/A,5.0,2026-06-16 23:37:06
Leaf & Lily Tattoo,26,"106 Depot St, Rogue River, OR 97537",N/A,https://www.instagram.com/p,https://www.facebook.com/groups,https://www.tiktok.com/@darkwatertattooshopny,http://leafandlily.ink,Paisley,OR,USA,N/A,5.0,2026-06-16 23:39:09
Lucky Supreme Tattoo,156,"512 Main St, Oregon City, OR 97045",503) 785-3750,https://www.instagram.com/lucky_supreme_tattoo,https://www.facebook.com/LuckySupremeTattoo,https://www.tiktok.com/@tattoobymeg,N/A,Paisley,OR,USA,N/A,4.9,2026-06-16 23:40:02
Cascade Tattoo Company (Hanks Family Tattoo),169,"409 Lincoln St #6, The Dalles, OR 97058",808) 255-1624,N/A,http://www.facebook.com/hanksfamilytattooco,N/A,http://www.facebook.com/hanksfamilytattooco,Paisley,OR,USA,N/A,5.0,2026-06-16 23:41:21
Pussycat Tattoo,64,"17052 SE McLoughlin Blvd, Milwaukie, OR 97267",503) 786-8090,https://www.instagram.com/pusssycattattoo,https://www.facebook.com/Pussycat-Tattoo-127975257222799,https://www.tiktok.com/@rubymayquilter,https://pussycattattoo.com,Paisley,OR,USA,customtattooforyou@gmail.com,5.0,2026-06-16 23:42:37
Suite D Tattoo,3,"35170 Brooten Rd Suite D, Pacific City, OR 97135",541) 921-1935,N/A,https://www.facebook.com/SuiteDTattooPC,https://www.tiktok.com/@ladefaction,http://www.suitedtattoo.com,Paisley,OR,USA,N/A,5.0,2026-06-16 23:43:31
Bigtime Walk-In Tattoo,259,"3949 N Williams Ave, Portland, OR 97227",503) 265-8146,https://www.instagram.com/bigtimetattoopdx,N/A,N/A,https://bigtimepdx.com,Paisley,OR,USA,info@bigtimepdx.com; tysondraws@yahoo.com; user@domain.com,4.9,2026-06-16 23:45:52
PermaGrafix Tattoo,61,"2217 Santiam Hwy SE, Albany, OR 97322",541) 990-0826,https://www.instagram.com/p,https://www.facebook.com/permagrafixtattoo,https://www.tiktok.com/@permagrafix,http://www.permagrafix.com,Paisley,OR,USA,N/A,4.5,2026-06-16 23:46:49
Dependable Tattoo,170,"120 E Main St, Medford, OR 97501",541) 690-1439,https://instagram.com/dependabletattoo,http://facebook.com/dependabletattoo,https://www.tiktok.com/@inkedabroad,http://www.dependabletattoo.com,Paisley,OR,USA,info@dependabletattoo.com,4.4,2026-06-16 23:47:48
Atlas Tattoo Studio,297,"4543 N Albina Ave, Portland, OR 97217",503) 281-7499,https://www.instagram.com/atlastattoo,N/A,https://www.tiktok.com/@meli_wolf_ttt,http://www.atlastattoo.com,Paisley,OR,USA,user@domain.com,4.8,2026-06-16 23:49:00
Family Tradition,73,"1214 NW 21st Ave, Portland, OR 97209",503) 893-2689,https://www.instagram.com/wix,https://www.facebook.com/ShawnJohnson,https://www.tiktok.com/@sunnyblacckk,http://www.familytradition.co,Paisley,OR,USA,collincsmith@gmail.com,5.0,2026-06-16 23:51:26
Hood River Tattoo,16,"209 Oak St Unit 204, Hood River, OR 97031",541) 490-2775,https://www.instagram.com/hoodrivertattoo,https://www.facebook.com/hoodrivertattoo,N/A,http://hoodrivertattoo.com,Parkdale,OR,USA,hoodrivertattoo@gmail.com,4.5,2026-06-16 23:54:43
Walk In Tattoos Hood River,43,"202 Cascade Ave # F, Hood River, OR 97031",541) 399-7572,https://www.instagram.com/walk.in.tattoos.hoodriver,https://www.facebook.com/groups,N/A,N/A,Parkdale,OR,USA,N/A,4.8,2026-06-16 23:55:42
Society Tattoo & Piercing,20,"307 Oak St, Hood River, OR 97031",509) 310-8494,https://www.instagram.com/vagaropro,https://www.facebook.com/vagaropro,https://www.tiktok.com/@jaylegendtattoos,https://www.vagaro.com/societypiercing,Parkdale,OR,USA,N/A,4.4,2026-06-16 23:56:49
Cascade Tattoo Company (Hanks Family Tattoo),169,"409 Lincoln St #6, The Dalles, OR 97058",808) 255-1624,https://www.instagram.com/p,http://www.facebook.com/hanksfamilytattooco,N/A,http://www.facebook.com/hanksfamilytattooco,Parkdale,OR,USA,N/A,5.0,2026-06-16 23:58:31
Evolution Tattoo Gallery LLC,125,"149 E Columbia River Hwy, Troutdale, OR 97060",503) 328-8704,https://www.instagram.com/evolutiontattoogallery,https://www.facebook.com/evolutiontattoogallery,N/A,http://evolutiontattoogallery.com,Parkdale,OR,USA,N/A,0,2026-06-17 00:01:30
Inked Aesthetics LLC,0,"116 3rd St Ste 201, Hood River, OR 97031",541) 705-7127,https://www.instagram.com/vagaropro,https://www.facebook.com/vagaropro,https://www.tiktok.com/@inkedaestheticsbysam,https://www.vagaro.com/inkedaestheticsllc,Parkdale,OR,USA,N/A,0,2026-06-17 00:03:27
Heiser Tattoo and Artistry,12,"113 E 2nd St Unit B, The Dalles, OR 97058",541) 980-7905,https://www.instagram.com/heiser_tattoos,https://www.facebook.com/jon.heiser1,https://www.tiktok.com/@thelindsaygoodwin,http://heiser-tattoo-and-artistry.wsite.top,Parkdale,OR,USA,N/A,5.0,2026-06-17 00:04:41
Under the skin tattoo,14,"1819 Cascade Ave #2, Hood River, OR 97031",N/A,N/A,https://www.facebook.com/UnderTheSkinTattooandPiercing,https://www.tiktok.com/@emokingpin,https://www.facebook.com/UnderTheSkinTattooandPiercing,Parkdale,OR,USA,N/A,5.0,2026-06-17 00:05:46
TRUE GRIT TATTOO,18,"1741 SW Court Ave, Pendleton, OR 97801",971) 985-5002,N/A,http://www.facebook.com/truegritpendleton,https://www.tiktok.com/@true.grit.tattoo,http://www.facebook.com/truegritpendleton,Pendleton,OR,USA,N/A,4.8,2026-06-17 00:07:39
Lighter shade of grey,17,"415 S Main St, Pendleton, OR 97801",541) 970-4109,N/A,https://www.facebook.com/Lighter-Shade-of-Grey-107985491963172,https://www.tiktok.com/@tatechtips,https://www.facebook.com/Lighter-Shade-of-Grey-107985491963172,Pendleton,OR,USA,N/A,4.5,2026-06-17 00:08:49
Lucky Tiger Tattoo,35,"1333 Main St, Philomath, OR 97370",541) 929-6666,https://www.instagram.com/luckytigertattooparlor,N/A,https://www.tiktok.com/@lucky.tiger.tattoo,https://www.instagram.com/luckytigertattooparlor,Philomath,OR,USA,N/A,4.6,2026-06-17 00:11:18
Yattoo Tattoo,1,"1333 Main St, Philomath, OR 97370",541) 602-2036,https://www.instagram.com/yattoo_dan,N/A,https://www.tiktok.com/@scm_ink,https://www.danielstowers.com,Philomath,OR,USA,Yattooart@gmail.com; user@domain.com; yattooart@gmail.com,0,2026-06-17 00:13:36
Cross Over Tattoo Studio,150,"24048 US-20, Philomath, OR 97370",541) 961-0127,https://www.instagram.com/justin_d_crossovertattoo_art,https://www.facebook.com/crossovertattoostudio,https://www.tiktok.com/@dean.hopkins_,http://crossovertattoostudio.com,Philomath,OR,USA,cross_over_tattoo@yahoo.com,0,2026-06-17 00:14:46
Sea Tramp Tattoo Co walkins after 4,115,"1339 SE 8th Ave, Portland, OR 97214",503) 224-4668,https://www.instagram.com/seatramptattoo,https://www.facebook.com/seatramptattoocompany,https://www.tiktok.com/@reallygoodsoup,http://www.seatramptattoo.com,Phoenix,OR,USA,231-9784seatramptattoo@yahoo.com; seatramptattoo@yahoo.com,4.7,2026-06-17 00:16:34
Pacific northwest tattoo collective,127,"39400 Pioneer Blvd #5, Sandy, OR 97055",503) 482-0165,https://www.instagram.com/pnw_tattoo_collective,https://www.facebook.com/pnwtattoos,https://www.tiktok.com/@hails.tattoos,http://www.pnwtattoos.com,Phoenix,OR,USA,N/A,4.9,2026-06-17 00:19:05
Hood River Tattoo,16,"209 Oak St Unit 204, Hood River, OR 97031",541) 490-2775,https://www.instagram.com/hoodrivertattoo,https://www.facebook.com/hoodrivertattoo,N/A,http://hoodrivertattoo.com,Phoenix,OR,USA,hoodrivertattoo@gmail.com,4.5,2026-06-17 00:23:06
Floating Lotus Tattoo Studio,40,"833 SE Main St #104, Portland, OR 97214",503) 807-7863,https://www.instagram.com/floatinglotustattoostudio,https://www.facebook.com/p,https://www.tiktok.com/@pintadontattoo,http://www.floatinglotustattoo.com,Phoenix,OR,USA,N/A,0,2026-06-17 00:25:41
Walk In Tattoos Hood River,43,"202 Cascade Ave # F, Hood River, OR 97031",541) 399-7572,https://www.instagram.com/walk.in.tattoos.hoodriver,https://www.facebook.com/p,N/A,N/A,Phoenix,OR,USA,N/A,4.8,2026-06-17 00:27:21
Gold Star Tattoo,33,"41 SW D St Ste 102, Madras, OR 97741",541) 699-1155,https://www.instagram.com/gold_star_tattoo,https://www.facebook.com/p,https://www.tiktok.com/@tattoomaster.1312,http://goldstartattooco.com,Phoenix,OR,USA,N/A,0,2026-06-17 00:28:57
High Desert Ink,101,"308 NW 6th St, Redmond, OR 97756",541) 728-4370,https://www.instagram.com/desertinkstudios,https://www.facebook.com/desertinktatt,https://www.tiktok.com/@honeyinkz,https://www.highdesertink.com,Phoenix,OR,USA,N/A,4.6,2026-06-17 00:43:53
Lucky Supreme Tattoo,156,"512 Main St, Oregon City, OR 97045",503) 785-3750,https://www.instagram.com/lucky_supreme_tattoo,https://www.facebook.com/LuckySupremeTattoo,https://www.tiktok.com/@tattoobymeg,N/A,Prairie City,OR,USA,N/A,0,2026-06-17 00:53:10
Skin City Tattoo and Body Piercing,1503,"11945 SW Pacific Hwy #102, Tigard, OR 97223",503) 624-1719,https://www.instagram.com/skincitytigard,N/A,http://tiktok.com/@skincitytigard,http://www.skincitytattoos.com,Prairie City,OR,USA,skincity@hotmail.com; user@domain.com,4.8,2026-06-17 00:58:28
Expozed Ink LLC,55,"333 Broadway St suite a, Estacada, OR 97023",971) 506-4142,N/A,N/A,N/A,N/A,Prairie City,OR,USA,N/A,4.7,2026-06-17 01:01:52
Pussycat Tattoo,64,"17052 SE McLoughlin Blvd, Milwaukie, OR 97267",503) 786-8090,https://www.instagram.com/pusssycattattoo,https://www.facebook.com/Pussycat-Tattoo-127975257222799,https://www.tiktok.com/@rubymayquilter,https://pussycattattoo.com,Prairie City,OR,USA,customtattooforyou@gmail.com,5.0,2026-06-17 01:06:16
Hood River Tattoo,16,"209 Oak St Unit 204, Hood River, OR 97031",541) 490-2775,N/A,N/A,N/A,http://hoodrivertattoo.com,Prairie City,OR,USA,N/A,4.5,2026-06-17 01:10:09
Society Tattoo & Piercing,20,"307 Oak St, Hood River, OR 97031",509) 310-8494,https://www.instagram.com/vagaropro,https://www.facebook.com/vagaropro,https://www.tiktok.com/@jaylegendtattoos,https://www.vagaro.com/societypiercing,Prairie City,OR,USA,N/A,4.4,2026-06-17 01:13:18
Jaded Soul’s Living Art Tattoo,334,"25 NW 1st St, Gresham, OR 97030",503) 492-6420,https://www.instagram.com/jadedsoulslivingarttattoo,http://www.facebook.com/pages,https://www.tiktok.com/@gabedesimone337,http://www.jadedsoultattoo.com,Prairie City,OR,USA,Tattoogresham@gmail.com; tattoogresham@gmail.com,4.5,2026-06-17 01:14:44
Walk In Tattoos Hood River,43,"202 Cascade Ave # F, Hood River, OR 97031",541) 399-7572,N/A,N/A,N/A,N/A,Prairie City,OR,USA,N/A,4.8,2026-06-17 01:16:05
Night City Tattoo,20,"2609 Pacific Ave, Forest Grove, OR 97116",971) 238-3748,https://www.instagram.com/nightcitytattoo,https://www.facebook.com/groups,https://www.tiktok.com/@nightcitytattoos,http://nightcitytattoo.com,Prairie City,OR,USA,N/A,5.0,2026-06-17 01:17:15
Milwaukie Tattoo Co,177,"10387 SE Main St, Milwaukie, OR 97222",971) 403-6766,https://www.instagram.com/milwaukietattoo,https://www.facebook.com/groups,https://www.tiktok.com/@t.c.tattoo,http://www.milwaukietattoo.com,Prairie City,OR,USA,N/A,4.4,2026-06-17 01:19:33
Stay True Tattoo,109,"2600 NW U.S. 101 E, Lincoln City, OR 97367",541) 364-1084,http://instagram.com/staytruelincolncity,N/A,https://www.tiktok.com/@ink.sick23,https://www.staytruelincolncity.com,Prairie City,OR,USA,contact@staytruelincolncity.com; staytruelincolncity@gmail.com; user@domain.com,4.9,2026-06-17 01:21:26
Tinta Tattoo,40,"10 N Platt Ave, Eagle Point, OR 97524",541) 816-2299,https://www.instagram.com/blusteelstudio,https://www.facebook.com/Tintatattooep,https://www.tiktok.com/@tattoounleashed,https://blusteelstudio.com,Prairie City,OR,USA,N/A,5.0,2026-06-17 01:25:18
Monolith Tattoo & Piercing,650,"61470 S Hwy 97 #3a, Bend, OR 97702",541) 647-2347,https://www.instagram.com/monolith_tattoo_studio,https://www.facebook.com/monolithtattoo,https://www.tiktok.com/@dirtyolepigpen,http://www.monolithtattoostudio.com,Prairie City,OR,USA,N/A,4.8,2026-06-17 01:27:37
Greener Grass Tattoos (formerly Sailor Selkie's),49,"1611 Virginia Ave #163, North Bend, OR 97459",458) 280-0427,https://www.instagram.com/greenergrasstattoos,https://www.facebook.com/p,https://www.tiktok.com/@grayhairandtattoos,N/A,Prairie City,OR,USA,N/A,4.9,2026-06-17 01:28:29
Star Tattoo,48,"14110 SE McLoughlin Blvd, Milwaukie, OR 97267",503) 653-5679,https://www.instagram.com/popular,https://www.facebook.com/groups,https://www.tiktok.com/@astartattoos,N/A,Prairie City,OR,USA,N/A,4.9,2026-06-17 01:30:50
Ötzi Tattoo School,14,"178 W Main St, Eagle Point, OR 97524",541) 930-9121,N/A,N/A,N/A,https://otzinetwork.com,Prairie City,OR,USA,N/A,5.0,2026-06-17 01:33:52
Irieized Tattoo and Fine Arts,12,"345 N Bartlett St STE 103, Medford, OR 97501",541) 841-0302,https://www.instagram.com/iriejohns,https://www.facebook.com/Irieizedtattoo,https://www.tiktok.com/@irieized,http://irieized.com,Prairie City,OR,USA,filler@godaddy.com; lemonad@jovanny.ru,5.0,2026-06-17 01:35:40
Blu Steel Studio,47,"1585 Siskiyou Blvd, Medford, OR 97504",541) 930-9122,N/A,N/A,N/A,https://www.blusteelstudio.com,Prairie City,OR,USA,N/A,4.7,2026-06-17 01:39:31
Steadfast Tattoo Co.,52,"655 NW Greenwood Ave Ste 3, Redmond, OR 97756",458) 600-9804,N/A,N/A,N/A,https://steadfasttattoocompany.com,Redmond,OR,USA,N/A,5.0,2026-06-17 01:48:14
Four Flames Tattoo Studio,95,"2905 S Hwy 97 Ste 110, Redmond, OR 97756",541) 930-4224,https://www.instagram.com/four_flames_tattoo,N/A,https://www.tiktok.com/@alex78082,http://www.fourflamestattoo.com,Redmond,OR,USA,user@domain.com,4.9,2026-06-17 01:49:32
Thornbird Tattoo Studio,80,"1604 S Hwy 97 #5, Redmond, OR 97756",541) 390-8609,https://www.instagram.com/thornbird_tattoo,N/A,N/A,https://www.thornbirdtattoo.com,Redmond,OR,USA,user@domain.com,5.0,2026-06-17 01:51:01
High Desert Ink,101,"308 NW 6th St, Redmond, OR 97756",541) 728-4370,https://www.instagram.com/desertinkstudios,https://www.facebook.com/p,https://www.tiktok.com/@honeyinkz,https://www.highdesertink.com,Redmond,OR,USA,N/A,4.6,2026-06-17 01:52:36
Shadow Caster Tattoo,4,"613 SW Cascade Ave #1, Redmond, OR 97756",541) 316-0708,https://www.instagram.com/shadowcastertatoo,https://www.facebook.com/shadowcastertattoo,https://www.tiktok.com/@edenbodyartstudios,http://www.shadowcastertattoo.com,Redmond,OR,USA,ShadowCasterTattoo@gmail.com,5.0,2026-06-17 01:54:42
Backdoor Studios,48,"next to the Clocktower Pub, 2757 NW 7th St, Redmond, OR 97756",541) 706-0607,N/A,N/A,N/A,N/A,Redmond,OR,USA,N/A,4.5,2026-06-17 01:57:37
Trend Kill Body Piercing,648,"508 SW 6th St, Redmond, OR 97756",541) 504-0406,https://www.instagram.com/trendkillbodypiercing,https://www.facebook.com/TrendKillOregon,N/A,http://www.trendkilloregon.com,Redmond,OR,USA,N/A,4.7,2026-06-17 02:00:31
Vix Mobile Ink,34,"308.5 NW 6th St, Redmond, OR 97756",541) 728-4370,https://www.instagram.com/p,https://www.facebook.com/vixmobileink,https://www.tiktok.com/@missdraway_,https://www.facebook.com/vixmobileink,Redmond,OR,USA,N/A,5.0,2026-06-17 02:05:40
Bombshell Beauty Salon,94,"1116 SW Obsidian Ave, Redmond, OR 97756",541) 610-7948,N/A,N/A,N/A,https://linktr.ee/bombshellredmond,Redmond,OR,USA,N/A,4.9,2026-06-17 02:08:02
EPIC INK Tattoo (Oregon),319,"450 S Central Ave, Medford, OR 97501",541) 944-5433,N/A,N/A,N/A,http://www.epicink.com,Riddle,OR,USA,N/A,4.8,2026-06-17 02:13:58
Silver n' Stone Tattoos,86,"109 W Main St, Rogue River, OR 97537",458) 212-1165,https://www.instagram.com/silver.n.stonetattoos,https://www.facebook.com/silver.n.stonetattoos,https://www.tiktok.com/@silver.n.stonetattoos,https://venue.ink/@silvernstonetattoo,Riddle,OR,USA,N/A,5.0,2026-06-17 02:16:17
Leaf & Lily Tattoo,26,"106 Depot St, Rogue River, OR 97537",N/A,N/A,N/A,N/A,http://leafandlily.ink,Riddle,OR,USA,N/A,5.0,2026-06-17 02:18:21
Ashe Tattoo Collective,63,"682 S Main St, Myrtle Creek, OR 97457",N/A,N/A,N/A,N/A,N/A,Riddle,OR,USA,N/A,4.4,2026-06-17 02:23:19
Oblivion art,9,"17 S Platt St suite a, Eagle Point, OR 97524",541) 951-0895,https://www.instagram.com/oblivionwest,https://www.facebook.com/pages,https://www.tiktok.com/@snip_art,https://oblivionart.com,Riddle,OR,USA,wweeiihhuuaanngg@gmail.com,0,2026-06-17 02:31:31
Inspired Ink Tattoo Studio,34,"450 OR-42, Coquille, OR 97423",N/A,N/A,N/A,N/A,http://inspiredinkcoquille.com,Riddle,OR,USA,N/A,0,2026-06-17 02:34:16
Link River Tattoo,30,"706 Main St Ste A, Klamath Falls, OR 97601",N/A,N/A,N/A,N/A,N/A,Riddle,OR,USA,N/A,0,2026-06-17 02:39:01
EPIC INK Tattoo (Oregon),319,"450 S Central Ave, Medford, OR 97501",541) 944-5433,N/A,N/A,N/A,http://www.epicink.com,Ruch,OR,USA,N/A,4.8,2026-06-17 02:43:38
Leaf & Lily Tattoo,26,"106 Depot St, Rogue River, OR 97537",N/A,N/A,N/A,N/A,http://leafandlily.ink,Ruch,OR,USA,N/A,5.0,2026-06-17 02:45:23
Silver n' Stone Tattoos,86,"109 W Main St, Rogue River, OR 97537",458) 212-1165,https://www.instagram.com/the.tattooed.cowgirl,https://www.facebook.com/silver.n.stonetattoos,https://www.tiktok.com/@silver.n.stonetattoos,https://venue.ink/@silvernstonetattoo,Ruch,OR,USA,silvernstonetattoostudio@gmail.com,5.0,2026-06-17 02:47:12
Rogue Tattoo,183,"1050 Crater Lake Ave Ste d, Medford, OR 97504",541) 622-8119,https://www.instagram.com/roguetattoo1050,https://www.facebook.com/RogueTattoos,https://www.tiktok.com/@matsy__,N/A,Ruch,OR,USA,N/A,4.7,2026-06-17 02:49:09
Sweetwater Collective,120,"314 S Holly St, Medford, OR 97501",541) 702-2439,https://www.instagram.com/sweetwatercollective,N/A,https://www.tiktok.com/@hardlorepod,http://www.sweetwatertattoos.com,Ruch,OR,USA,Anglloart@gmail.com; jonsteentattoos@gmail.com; rosstattoos@gmail.com; sweetwatercollective@gmail.com; user@domain.com,4.8,2026-06-17 02:50:40
Off The Grid Tattoo,442,"890 Biddle Rd, Medford, OR 97504",541) 622-9666,https://www.instagram.com/offthegridtattoo2024,https://www.facebook.com/p,https://www.tiktok.com/@gustavxabreu,http://www.offthegridtattoos.com,Ruch,OR,USA,Dreamr1777@gmail.con,5.0,2026-06-17 02:52:07
Juniper Tattoo Company,47,"73 N 1st St, Central Point, OR 97502",541) 665-8120,http://instagram.com/junipertattooco,N/A,https://www.tiktok.com/@juniperdivine,https://www.junipertattooco.com,Ruch,OR,USA,info@junipertattooco.com; user@domain.com,5.0,2026-06-17 02:54:14
Saint Rose Tattoo,81,"16 N Riverside Ave #210, Medford, OR 97501",503) 462-2584,http://www.instagram.com/saintrosetattoos,N/A,https://www.tiktok.com/@ryangonzaga,http://www.instagram.com/saintrosetattoos,Ruch,OR,USA,N/A,4.9,2026-06-17 02:55:29
Rarity Ink,11,"342 Lithia Way, Ashland, OR 97520",541) 631-0266,https://www.instagram.com/lunacosmotattoos,https://www.facebook.com/groups,https://www.tiktok.com/@inkd.inc,N/A,Ruch,OR,USA,N/A,5.0,2026-06-17 02:56:23
101 Tattoo,90,"101 S Grape St, Medford, OR 97501",541) 499-6650,https://www.instagram.com/101tattooco,https://www.facebook.com/101Tattooco,https://www.tiktok.com/@101.tattoo.co,N/A,Ruch,OR,USA,N/A,4.9,2026-06-17 02:57:31
Capital G's Tattoo,132,"810 Biddle Rd, Medford, OR 97504",541) 500-1060,https://www.instagram.com/capitalgstattoo,https://www.facebook.com/p,https://www.tiktok.com/@capitalgstattoo,N/A,Ruch,OR,USA,N/A,4.9,2026-06-17 02:58:23
Tinta Tattoo,40,"10 N Platt Ave, Eagle Point, OR 97524",541) 816-2299,https://www.instagram.com/blusteelstudio,https://www.facebook.com/Tintatattooep,https://www.tiktok.com/@tattoounleashed,https://blusteelstudio.com,Ruch,OR,USA,N/A,5.0,2026-06-17 03:00:08
Galaxy Ink Tattoos,47,"258 A St Unit 8, Ashland, OR 97520",541) 201-0438,https://www.instagram.com/mdgalaxyink,http://facebook.com/Galaxy-Ink-Tattoos-1138122956281419,https://www.tiktok.com/@inkedmagazine,http://www.galaxyink.com,Ruch,OR,USA,advmediasolutions@charter.net; mdgalaxyink@aol.com,5.0,2026-06-17 03:01:04
Tiger Blood Tattoo,122,"1004 E Jackson St, Medford, OR 97504",541) 200-3890,https://instagram.com/james_one_tattoo,https://www.facebook.com/Tigerbloodtattoos,https://www.tiktok.com/@henadoba,http://tigerbloodtattoo.com,Ruch,OR,USA,tigerbloodtattoo@gmail.com,4.9,2026-06-17 03:02:24
Wild Wild West Tattoo Studio,18,"120 Redwood Hwy, Cave Junction, OR 97523",541) 661-4348,https://www.instagram.com/p,https://www.facebook.com/wildwildwesttattoostudio,https://www.tiktok.com/@inkedabroad,N/A,Ruch,OR,USA,N/A,4.6,2026-06-17 03:03:17
Southside Tattoo,91,"1762 Ashland St, Ashland, OR 97520",541) 621-7666,https://www.instagram.com/parklogicptyltd,https://www.facebook.com/ParkLogic,https://www.tiktok.com/@austinbucketlist,http://southsidetattooashland.com,Ruch,OR,USA,name@email.com,4.8,2026-06-17 03:04:16
Tattoos by Britany West (River Of Ink),16,"109 W Main St, Rogue River, OR 97537",541) 538-9036,https://www.instagram.com/west.britany,https://www.facebook.com/tattoosbybritanywest,https://www.tiktok.com/@riverofinktattoostudio,https://www.facebook.com/tattoosbybritanywest,Ruch,OR,USA,N/A,5.0,2026-06-17 03:05:43
Ink By Braquel,37,"45 S 4th St, Central Point, OR 97502",541) 621-1176,https://www.instagram.com/inkbybraq,https://www.facebook.com/WordPresscom,https://www.tiktok.com/@raquel23474,https://www.inkbybraq.com,Ruch,OR,USA,N/A,4.9,2026-06-17 03:06:47
Traditions Tattoo,53,"409 N Riverside Ave, Medford, OR 97501",541) 879-1260,https://www.instagram.com/rahsa_embers,https://www.facebook.com/p,https://www.tiktok.com/@kessirene,N/A,Ruch,OR,USA,N/A,4.8,2026-06-17 03:07:38
Black Tides Tattoo,30,"2332 Poplar Dr, Medford, OR 97504",541) 659-8215,N/A,https://www.facebook.com/BlackTides,https://www.tiktok.com/@nathannle,https://inkedbyalesha.my.canva.site/dagwhlesrwm,Ruch,OR,USA,Blacktidesllc@gmail.com,5.0,2026-06-17 03:08:40
Custom Body Art,47,"1039 Court St, Medford, OR 97501",541) 857-9866,https://www.instagram.com/fineartforbodies,https://www.facebook.com/SoulDecorBodyArt,https://www.tiktok.com/@edenbodyartstudios,N/A,Ruch,OR,USA,N/A,4.8,2026-06-17 03:09:35
Savage Rose Ink,8,"27 S 7th St, Central Point, OR 97502",541) 930-1600,https://www.instagram.com/savageroseink,https://www.facebook.com/SavageRoseTattoos,https://www.tiktok.com/@savageinkz,http://venue.ink/@savagerose.ink,Ruch,OR,USA,N/A,5.0,2026-06-17 03:10:36
Ritual Evolution Piercing & Tattoo,128,"77 N Main St, Ashland, OR 97520",541) 780-7303,https://www.instagram.com/p,https://www.facebook.com/Ritual.Evolution,https://www.tiktok.com/@the.ritual.tattoo,http://www.ritualevolution.com,Ruch,OR,USA,marotti.tattoo@gmail.com,4.7,2026-06-17 03:11:43
Hybrid Ink,9,"774 Rogue River Hwy, Grants Pass, OR 97527",N/A,https://www.instagram.com/hybridink,https://www.facebook.com/p,https://www.tiktok.com/@inkmastertv,N/A,Ruch,OR,USA,N/A,5.0,2026-06-17 03:12:42
Dogwood Tattoo Company,5,"115 W California St, Jacksonville, OR 97530",N/A,https://www.instagram.com/p,https://www.facebook.com/johnnysmithartist,https://www.tiktok.com/@michaelmosertattoo,N/A,Ruch,OR,USA,N/A,5.0,2026-06-17 03:13:34
A Body Mod,964,"617 N Holly St, Medford, OR 97501",541) 499-6861,https://instagram.com/abodymodpiercingandtattoo,https://facebook.com/abodymodtattooandpiercing,https://www.tiktok.com/@__elfie___,http://a-body-mod-piercing-tattoo.webador.com,Ruch,OR,USA,support@webador.com,4.8,2026-06-17 03:14:33
VALENTIN'S TATTOO COLLECTIVE,47,"7541 Crater Lake Hwy, White City, OR 97503",541) 879-0427,https://instagram.com/all.in.one.barber.studio,https://www.facebook.com/pages,https://www.tiktok.com/@valentin.ink,http://www.allinonetattooandbarberstudio.com,Ruch,OR,USA,N/A,4.8,2026-06-17 03:15:32
Maya Wild Art,108,"111 NE A St, Grants Pass, OR 97526",N/A,http://instagram.com/Maya.Wild.art,N/A,https://www.tiktok.com/@mayajama,http://mayawildart.com,Ruch,OR,USA,user@domain.com,5.0,2026-06-17 03:16:35
"3 Sevens Tattoo, Oregon, Grants Pass",36,"1314 Redwood Ave, Grants Pass, OR 97527",541) 890-9777,https://www.instagram.com/jeremy_elledge,https://www.facebook.com/groups,https://www.tiktok.com/@grudge.tat,https://www.3sevenstattoo.weebly.com,Ruch,OR,USA,N/A,5.0,2026-06-17 03:17:29
Sub Rosa Tattoo,71,"111 NE A St, Grants Pass, OR 97526",N/A,http://instagram.com/niclebrunart,N/A,N/A,http://www.subrosatattoostudio.com,Ruch,OR,USA,info@subrosatattoostudio.com; user@domain.com,4.9,2026-06-17 03:18:40
Oblivion art,9,"17 S Platt St suite a, Eagle Point, OR 97524",541) 951-0895,https://www.instagram.com/oblivionwest,https://www.facebook.com/pages,https://www.tiktok.com/@iamwillblood,https://oblivionart.com,Ruch,OR,USA,wweeiihhuuaanngg@gmail.com,4.4,2026-06-17 03:19:37
Diamond in the Rogue Tattoo and Arts,27,"1644 SE N St #6D-E, Grants Pass, OR 97526",541) 295-5861,N/A,N/A,https://www.tiktok.com/@matsy__,https://www.facebook.com/profile.php,Ruch,OR,USA,N/A,4.6,2026-06-17 03:20:55
Cut Throat Ink,58,"1330 NW 6th St unit b, Grants Pass, OR 97526",541) 226-8121,https://www.instagram.com/cut_throat_ink_tattoos,http://www.facebook.com/wix,https://www.tiktok.com/@maggi.ink,http://cutthroatink.com,Ruch,OR,USA,williamveader347@gmail.com,4.9,2026-06-17 03:22:10
The Tattoo Bunker,1,"17 S Platt St Suite C, Eagle Point, OR 97524",N/A,https://www.instagram.com/thetattoobunker,https://www.facebook.com/groups,https://www.tiktok.com/@tattoobunker,N/A,Ruch,OR,USA,N/A,1.0,2026-06-17 03:23:03
Nic Luna Tattoo,30,"111 NE A St, Grants Pass, OR 97526",N/A,http://instagram.com/niclunatattoo,N/A,https://www.tiktok.com/@niclunatattoo,http://niclunatattoo.com,Ruch,OR,USA,info@niclunatattoo.com; user@domain.com,5.0,2026-06-17 03:23:59
The Fabled Tattooist,3,"21 S 7th St, Central Point, OR 97502",N/A,https://www.instagram.com/thefabledtattooist,https://www.facebook.com/fabled.north.tattoo,https://www.tiktok.com/@inkedmagazine,https://thefabledtattooist.carrd.co,Ruch,OR,USA,thefabledtattooist@gmail.com,5.0,2026-06-17 03:25:19
Art Rebel TATTOO,84,"215 NE Hillcrest Dr, Grants Pass, OR 97526",N/A,https://www.instagram.com/tattooed.rebel,https://www.facebook.com/artrebeltattoo,https://www.tiktok.com/@sacredrebeltattoo,http://www.artrebeltattoo.com,Ruch,OR,USA,N/A,4.8,2026-06-17 03:26:15
Tattoo Larry,47,"4130 Avenue A, White City, OR 97503",541) 499-8528,https://www.instagram.com/larryhtattoos,https://www.facebook.com/LarryBroganTattoos,https://www.tiktok.com/@larryreads,N/A,Ruch,OR,USA,N/A,4.8,2026-06-17 03:27:07
Southpaw Tattoo Parlor,57,"914A SW 6th St, Grants Pass, OR 97526",541) 659-6614,https://instagram.com/jen_godfreytattoos,https://facebook.com/jennifermgodfrey,https://tiktok.com/@jengodfreytattoos,https://linktr.ee/Jengodfreytattoos,Ruch,OR,USA,N/A,4.9,2026-06-17 03:28:04
Irish Ink Tattoo Studio,236,"408 SE G St A, Grants Pass, OR 97526",541) 476-6654,http://www.instagram.com/caseysheehanstattoos,http://www.facebook.com/irishinkgp,https://www.tiktok.com/@kellieink,https://caseysheehan.wixsite.com/irishinkgp,Ruch,OR,USA,csirishink@yahoo.com,4.9,2026-06-17 03:29:09
Prick and Poke Tattoo,110,"914A SW 6th St, Grants Pass, OR 97526",N/A,https://instagram.com/prickandpoketattoo,https://www.facebook.com/prickandpoketattoo,https://www.tiktok.com/@prickandpoketattoo,https://linktr.ee/prickandpoketattoo,Ruch,OR,USA,N/A,5.0,2026-06-17 03:30:25
Harmonic Tattoo LLC,5,"120 Cedar Flat Rd A, Williams, OR 97544",541) 821-5318,https://www.instagram.com/harmonictattoosllc,https://www.facebook.com/p,https://www.tiktok.com/@jonlindmusic,N/A,Ruch,OR,USA,N/A,5.0,2026-06-17 03:31:18
Higher Self Tattoo,26,"1439 NE 6th St Ste E, Grants Pass, OR 97526",541) 761-4296,N/A,http://www.facebook.com/higherselftattoo,https://www.tiktok.com/@xangoghhhh,http://www.facebook.com/higherselftattoo,Ruch,OR,USA,N/A,4.8,2026-06-17 03:32:26
Ötzi Tattoo School,14,"178 W Main St, Eagle Point, OR 97524",541) 930-9121,https://instagram.com/otzi.oregon,https://www.facebook.com/otziTattooNetwork,https://www.tiktok.com/@inkedabroad,https://otzinetwork.com,Ruch,OR,USA,Otzi.oregon@gmail.com,5.0,2026-06-17 03:33:26
Matriarch Tattoo,47,"Central Point, OR 97502",541) 999-7059,https://www.instagram.com/popular,https://www.facebook.com/groups,https://www.tiktok.com/@tattoosal,N/A,Ruch,OR,USA,N/A,5.0,2026-06-17 03:34:18
Black Moth Studio,89,"117 SE 6th St, Grants Pass, OR 97526",541) 226-7341,http://www.instagram.com/blackmothtats,N/A,https://www.tiktok.com/@blackmothbarberandtattoo,http://www.instagram.com/blackmothtats,Ruch,OR,USA,N/A,4.7,2026-06-17 03:35:25
House Of 1000 Colors Tattoo,41,"1500 Rogue River Hwy, Grants Pass, OR 97527",541) 450-8050,https://www.instagram.com/houseof1000colors,https://www.facebook.com/houseof1000colorstattoo,https://www.tiktok.com/@inkd.inc,N/A,Ruch,OR,USA,N/A,4.0,2026-06-17 03:36:19
Adorned in Ink,33,"15555 OR-66 Unit 4, Keno, OR 97627",541) 331-6077,https://www.instagram.com/adorned_ink,https://www.facebook.com/adornedtattoos,https://www.tiktok.com/@inkd.inc,N/A,Ruch,OR,USA,N/A,4.5,2026-06-17 03:37:11
Real Eye Zing Art,127,"203 S 1st St, St Helens, OR 97051",503) 396-5018,https://www.instagram.com/ealeyezingart,https://www.facebook.com/realeyezingart,https://www.tiktok.com/@realeyezingart,https://realeyezingart.com,Saint Helens,OR,USA,reza.staffstuff@gmail.com,4.5,2026-06-17 03:38:51
Munki Paw Ink,34,"Inside Real Eye Zing Art Studio, 203 S 1st St, St Helens, OR 97051",N/A,https://www.instagram.com/ealeyezingart,https://www.facebook.com/realeyezingart,https://www.tiktok.com/@realeyezingart,https://www.realeyezingart.com,Saint Helens,OR,USA,reza.staffstuff@gmail.com,4.9,2026-06-17 03:39:55
Lombard Street Tattoo,216,"8937 N Lombard St, Portland, OR 97203",503) 719-6780,https://www.instagram.com/lombardstreettattoo,N/A,https://www.tiktok.com/@1800calnow,http://www.lombardstreettattoo.com,Saint Paul,OR,USA,callaghantattoo@gmail.com; info@lombardstreettattoo.com; madisonmakestattoos@gmail.com; marlena.yokel@gmail.com; nicework@jessipreston.com; onatattoosyou@gmail.com; telleztattoo@gmail.com; user@domain.com; zanegreytattoo@gmail.com,4.9,2026-06-17 03:42:42
Cascade Tattoo Company (Hanks Family Tattoo),169,"409 Lincoln St #6, The Dalles, OR 97058",808) 255-1624,N/A,http://www.facebook.com/hanksfamilytattooco,N/A,http://www.facebook.com/hanksfamilytattooco,Saint Paul,OR,USA,N/A,5.0,2026-06-17 03:44:16
Atlas Tattoo Studio,297,"4543 N Albina Ave, Portland, OR 97217",503) 281-7499,https://www.instagram.com/atlastattoo,N/A,https://www.tiktok.com/@artcoholic_tattoo,http://www.atlastattoo.com,Saint Paul,OR,USA,user@domain.com,4.8,2026-06-17 03:45:17
Hood River Tattoo,16,"209 Oak St Unit 204, Hood River, OR 97031",541) 490-2775,https://www.instagram.com/hoodrivertattoo,https://www.facebook.com/hoodrivertattoo,N/A,http://hoodrivertattoo.com,Saint Paul,OR,USA,hoodrivertattoo@gmail.com,4.5,2026-06-17 03:46:30
Tattoo 34,333,"4035 SE Hawthorne Blvd, Portland, OR 97214",503) 235-3606,https://www.instagram.com/tattoo34pdx,N/A,https://www.tiktok.com/@glowymariia,http://www.tattoo34pdx.com,Saint Paul,OR,USA,info@tattoo34pdx.com; user@domain.com,4.9,2026-06-17 03:47:44
Oregon Tattoo Co,227,"104 Commercial St SE, Salem, OR 97301",503) 365-0726,https://www.instagram.com/oregontattoocompany,https://www.facebook.com/oregontattoocompany,https://www.tiktok.com/@hails.tattoos,http://oregontattoo.top,Salem,OR,USA,N/A,4.7,2026-06-17 03:51:25
Alchemy Tattoo Collective,155,"220 Liberty St NE, Salem, OR 97301",971) 599-5932,https://www.instagram.com/alchemytattoocollective_salem,https://www.facebook.com/alchemytattoosalem,https://www.tiktok.com/@alchemytattoocollective,http://www.alchemytattoosalem.com,Salem,OR,USA,N/A,4.6,2026-06-17 03:53:04
Roots Deep Tattoo,151,"2017 25th St SE, Salem, OR 97302",503) 385-1005,https://instagram.com/Rootsdeeptattoo,https://www.facebook.com/RootsDeepTattoo,https://www.tiktok.com/@sethheavirland,https://www.rootsdeeptattoo.com,Salem,OR,USA,RootsDeepTattoos@gmail.com,4.8,2026-06-17 03:54:13
Addictions BodyArt Body Piercing & Tattoo,2075,"198 Liberty St SE, Salem, OR 97301",503) 825-0888,https://www.instagram.com/addictionssalem,N/A,https://www.tiktok.com/@addictionssalem,https://www.addictionsbodyart.com,Salem,OR,USA,Helpdesk.addictions@gmail.com; addictionstattoorequest@gmail.com; helpdesk.addictions@gmail.com; user@domain.com,4.7,2026-06-17 03:55:43
P.ink - Salem Oregon fine line tattoos,49,"870 Commercial St SE, Salem, OR 97302",503) 428-7207,https://www.instagram.com/p.ink.tattoostudio,https://www.facebook.com/p.inkbeautystudiollc,https://www.tiktok.com/@p.ink.tattoostudio,https://linktr.ee/_p.ink,Salem,OR,USA,p.inktatstudio@gmail.com,5.0,2026-06-17 03:56:43
High Priestess Piercing & Tattoo,477,"3870 Center St NE, Salem, OR 97301",503) 967-6232,https://www.instagram.com/beststudioever,https://www.facebook.com/HighPriestess.HQ,https://www.tiktok.com/@beststudioever,https://www.beststudioever.com/salem,Salem,OR,USA,bunnydoestattoos@gmail.com; raysinkwork@gmail.com; vdimckay@gmail.com,4.4,2026-06-17 03:58:09
Desire Art and Ink Tattoo,127,"2310 Commercial St SE, Salem, OR 97302",503) 584-1626,https://www.instagram.com/sean_johnston_desire,https://www.facebook.com/desireartandink,N/A,https://www.desireartandink.com,Salem,OR,USA,tattoo@desireartandink.com,4.8,2026-06-17 03:59:34
All American Tattoo,124,"1742 Center St NE #1748, Salem, OR 97301",503) 365-8866,https://www.instagram.com/allamerican_tattoo,N/A,https://www.tiktok.com/@nadeemhamidy,https://www.instagram.com/accounts/onetap,Salem,OR,USA,N/A,4.7,2026-06-17 04:00:57
My Living Canvas Tattoo,75,"392 Liberty St SE, Salem, OR 97301",503) 884-4043,https://www.instagram.com/mylivingcanvastattoostudio,https://www.facebook.com/mylivingcanvastattoostudio,https://www.tiktok.com/@calytattoo,http://www.mycanvastattoo.com,Salem,OR,USA,MyLivingCanvasTattoos@gmail.com,4.9,2026-06-17 04:02:07
Dark Star Tattoo,110,"2360 State St, Salem, OR 97301",503) 763-9696,https://www.instagram.com/ryandarkstar,https://www.facebook.com/darkstartattoosalem,https://www.tiktok.com/@darkstartat2,N/A,Salem,OR,USA,N/A,4.7,2026-06-17 04:02:59
Good Luck Tattoo,43,"868 Commercial St SE, Salem, OR 97302",971) 443-5036,https://www.instagram.com/good.luck.tattoo.salem,N/A,https://www.tiktok.com/@goodlucktattoo,https://www.instagram.com/good.luck.tattoo.salem,Salem,OR,USA,N/A,4.9,2026-06-17 04:04:10
ZoulBound,60,"189 Liberty St NE B7, Salem, OR 97301",503) 850-8110,https://www.instagram.com/zoulbound,N/A,http://www.tiktok.com/@zoulbound1,http://zoulbound.com,Salem,OR,USA,zaxwolfe@zoulbound.com,4.0,2026-06-17 04:05:27
Lucky Squirrel Tattoo,86,"3341 Commercial St SE, Salem, OR 97302",503) 689-1980,N/A,https://www.facebook.com/luckysquirreltattoo503,https://www.tiktok.com/@msjulieink,https://www.facebook.com/luckysquirreltattoo503,Salem,OR,USA,N/A,4.7,2026-06-17 04:06:56
Lux Bloom - Tiny Tattoo Specialist,5,"165 Owens St S, Salem, OR 97302",N/A,https://www.instagram.com/luxebloomtats,https://www.facebook.com/groups,https://www.tiktok.com/@ayalatattoo1,http://www.luxbloomstudio.com,Salem,OR,USA,N/A,5.0,2026-06-17 04:08:06
Blackcraft Tattoo,55,"2195 Hyacinth St NE Suite 145, Salem, OR 97301",503) 584-1370,N/A,N/A,N/A,N/A,Salem,OR,USA,N/A,4.8,2026-06-17 04:10:00
Tattoos by Mandie Lynn Stockton,15,"1590 Commercial St NE, Salem, OR 97301",541) 921-8766,N/A,N/A,https://www.tiktok.com/@mrbudstattoo,https://www.facebook.com/profile.php,Salem,OR,USA,N/A,4.7,2026-06-17 04:11:09
Inclusion Ink,29,"167 High St SE, Salem, OR 97301",503) 383-8877,https://www.instagram.com/p,N/A,https://www.tiktok.com/@mollyburkeofficial,http://www.inclusioninktattoo.com,Salem,OR,USA,N/A,5.0,2026-06-17 04:12:23
Hot Rod Betties' Tattoo and Tattoo School,221,"940 Edgewater St NW, Salem, OR 97304",503) 763-6844,https://www.instagram.com/hotrodbettiestattoo,https://www.facebook.com/HOTRODBETTIESTATTOO,https://www.tiktok.com/@sparks_electrictattooing,http://hotrodbettiestattoo.com,Salem,OR,USA,typesetit@att.net; wweeiihhuuaanngg@gmail.com,4.7,2026-06-17 04:13:33
Good Vibes Tattoo Co.,15,"1221 23rd St SE #170, Salem, OR 97302",N/A,http://instagram.com/goodvibestattooco,N/A,https://www.tiktok.com/@goodvibestattoostudio,http://instagram.com/goodvibestattooco,Salem,OR,USA,N/A,4.5,2026-06-17 04:14:40
Jori Zan's Body Piercing,375,"2376 State St, Salem, OR 97301",503) 399-9633,http://instagram.com/jorizans,N/A,N/A,http://jorizans.com,Salem,OR,USA,user@domain.com,4.7,2026-06-17 04:16:18
Summerland Studios,41,"1845 Fairgrounds Rd NE Suite 11, Salem, OR 97301",N/A,https://www.instagram.com/summerlandstudios,N/A,https://www.tiktok.com/@ellemagazine,https://www.summerlandstudios.com,Salem,OR,USA,SummerlandTattoo@gmail.com; user@domain.com,5.0,2026-06-17 04:17:29
Morbid Monarch Inks,12,"3507 Commercial St SE, Salem, OR 97302",N/A,https://www.instagram.com/p,N/A,https://www.tiktok.com/@emokingpin,N/A,Salem,OR,USA,N/A,5.0,2026-06-17 04:18:37
Tattoos by James Jordan,14,"220 Liberty St NE, Salem, OR 97301",503) 910-7019,https://www.instagram.com/james_jordan_tattoos,https://www.facebook.com/tattoosbyjamesjordan,https://www.tiktok.com/@astartattoos,N/A,Salem,OR,USA,N/A,5.0,2026-06-17 04:19:51
J. Bella Tattoo,44,"462 17th St NE, Salem, OR 97301",971) 340-9983,https://www.instagram.com/j.bellatattoo,https://www.facebook.com/jbellatattoo,N/A,https://jbellatattoo.com,Salem,OR,USA,N/A,4.9,2026-06-17 04:21:13
Ellie Rose Tattoo,13,"381 State St #11, Salem, OR 97301",N/A,https://www.instagram.com/p,N/A,https://www.tiktok.com/@ellie_roseeee,http://ellierosetattoo.com,Salem,OR,USA,ellierosetattoo@gmail.com; user@domain.com,5.0,2026-06-17 04:22:14
Lore Tattoo,9,"167 High St SE, Salem, OR 97301",503) 383-8877,N/A,N/A,N/A,https://www.lore-tattoo.com,Salem,OR,USA,N/A,5.0,2026-06-17 04:24:09
Permanent Marx Tattoo Studio,3,"1373 Edgewater St NW, Salem, OR 97304",971) 218-0093,N/A,https://www.facebook.com/permanentmarxtattoo,https://www.tiktok.com/@jeffblurz,https://www.facebook.com/permanentmarxtattoo,Salem,OR,USA,N/A,5.0,2026-06-17 04:25:40
Ink Shrink Studios (Jaz De La Cruz Tattoos),34,"381 State St #8, Salem, OR 97301",971) 388-1074,N/A,N/A,N/A,N/A,Salem,OR,USA,N/A,3.7,2026-06-17 04:27:13
Downtown Tattoo,4,"1535 State St, Salem, OR 97301",971) 218-0093,https://www.instagram.com/eddiexcaine,https://www.facebook.com/OneAmbitionTattoo,https://www.tiktok.com/@ayalatattoo1,https://downtowntattoo.top,Salem,OR,USA,N/A,5.0,2026-06-17 04:28:41
Fortunes Favor Tattoo Studio,19,"1330 12th St SE, Salem, OR 97302",971) 208-2212,https://www.instagram.com/cspleasant,https://www.facebook.com/p,https://www.tiktok.com/@tattoosbythea,N/A,Salem,OR,USA,N/A,5.0,2026-06-17 04:29:37
TAT STU LLC,6,"4763 Lancaster Dr NE Suite #120, Salem, OR 97305",971) 301-5565,https://www.instagram.com/tat_stu_,https://www.facebook.com/groups,https://www.tiktok.com/@ninthsaintink,https://www.instagram.com/tat_stu_,Salem,OR,USA,N/A,5.0,2026-06-17 04:31:36
Tender Heart Tattoo,26,"381 State St #2, Salem, OR 97301",N/A,https://www.instagram.com/tenderheart.tattoo,N/A,https://www.tiktok.com/@tenderhearttattoo,https://www.instagram.com/tenderheart.tattoo,Salem,OR,USA,N/A,5.0,2026-06-17 04:32:47
Cherry City Tattoo,5,"1363 Edgewater St NW, Salem, OR 97304",503) 990-7163,http://instagram.com/cherrycitytattoo,N/A,https://www.tiktok.com/@blakeinktattoos,https://cherrycitytattoo.com,Salem,OR,USA,user@domain.com,5.0,2026-06-17 04:33:53
Clean Slate Tattoo,8,"3507 Commercial St SE, Salem, OR 97302",971) 453-9512,https://www.instagram.com/cleanslatetattoosalem,https://www.facebook.com/p,https://www.tiktok.com/@imbriannawilson,N/A,Salem,OR,USA,N/A,4.8,2026-06-17 04:34:49
Blink Tattoo & Esthetics,71,"388 State St Unit 601, Salem, OR 97301",503) 508-6803,https://www.instagram.com/blink.salem,https://www.facebook.com/blink.salem,https://www.tiktok.com/@velasqeezy.tattoos,https://www.blinksalem.com,Salem,OR,USA,N/A,4.9,2026-06-17 04:36:13
The Black Dog Tattoo,0,"189 Liberty St NE, Salem, OR 97301",N/A,https://www.instagram.com/tattooflicka,https://www.facebook.com/blackdogtattoo,https://www.tiktok.com/@tamgallardo.official,https://www.tattooflicka.com,Salem,OR,USA,N/A,0,2026-06-17 04:37:52
Allelu Beauty LLC,74,"285 Liberty St SE #210, Salem, OR 97301",503) 949-0800,https://www.instagram.com/allelu_beauty_inc,https://www.facebook.com/allelubeautyink,N/A,http://www.allelubeauty.com,Salem,OR,USA,N/A,4.9,2026-06-17 04:38:54
Ink Theory Tattoo School,11,"230 Liberty St NE, Salem, OR 97301",503) 877-3008,https://www.instagram.com/ink.theory.salem,https://www.facebook.com/Inktheoryts,https://www.tiktok.com/@inktheory__,http://www.inktheoryts.com,Salem,OR,USA,InkTheoryTS@gmail.com,4.6,2026-06-17 04:39:56
Kane Tolle Realism tattoo artist,4,"2310 Commercial St SE, Salem, OR 97302",N/A,https://www.instagram.com/sugarwolfkane,https://www.facebook.com/kane.tolle,https://www.tiktok.com/@kane_tolle,N/A,Salem,OR,USA,N/A,5.0,2026-06-17 04:41:17
Pacific northwest tattoo collective,127,"39400 Pioneer Blvd #5, Sandy, OR 97055",503) 482-0165,https://www.instagram.com/pnw_tattoo_collective,https://www.facebook.com/pnwtattoos,https://www.tiktok.com/@hails.tattoos,http://www.pnwtattoos.com,Sandy,OR,USA,N/A,4.9,2026-06-17 04:42:44
Pleasant Street Tattoos,9,"38530 Pleasant St suite 3a, Sandy, OR 97055",N/A,https://www.instagram.com/pleasantstreettattoos,https://www.facebook.com/wix,https://www.tiktok.com/@painandpleasureink,https://www.pleasantstreettattoos.com,Sandy,OR,USA,Tripleskillet@gmail.com; Triplrskillet@gmail.com,5.0,2026-06-17 04:44:03
Real Eye Zing Art,127,"203 S 1st St, St Helens, OR 97051",503) 396-5018,https://www.instagram.com/ealeyezingart,https://www.facebook.com/realeyezingart,https://www.tiktok.com/@realeyezingart,https://realeyezingart.com,Scappoose,OR,USA,reza.staffstuff@gmail.com,4.5,2026-06-17 04:45:38
DK Beauty Studio,12,"51961 Columbia River Hwy, Scappoose, OR 97056",503) 941-0412,https://www.instagram.com/vagaropro,https://www.facebook.com/vagaropro,https://www.tiktok.com/@dkhairstudio,http://www.vagaro.com/dkbeautystudio1,Scappoose,OR,USA,N/A,4.7,2026-06-17 04:46:52
Optic Nerve Arts Tattoo,106,"7911 N Lombard St, Portland, OR 97203",503) 287-0339,https://www.instagram.com/opticnervearts,https://www.facebook.com/opticnerveartstattoostudio,N/A,http://www.opticnervearts.com,Scappoose,OR,USA,optic.nerve.arts@gmail.com,4.9,2026-06-17 04:48:34
Sunshine Tattoo,34,"8410 N Lombard St, Portland, OR 97203",503) 286-6083,https://www.instagram.com/sunshinetattoopdx,https://www.facebook.com/people,https://www.tiktok.com/@sunshinetattoomargate,http://www.sunshinetattoopdx.com,Scappoose,OR,USA,N/A,5.0,2026-06-17 04:50:41
Mango's Ink,5,"953 Bridge St, Vernonia, OR 97064",503) 369-3708,N/A,https://www.facebook.com/MangosInkTattoo,https://www.tiktok.com/@tattoo_by_mango,https://www.facebook.com/MangosInkTattoo,Scappoose,OR,USA,N/A,5.0,2026-06-17 04:51:43
Thunderbird Tattoo,31,"6935 N Fessenden St, Portland, OR 97203",503) 265-8607,https://www.instagram.com/thunderbirdtattooportland,https://www.facebook.com/p,https://www.tiktok.com/@riverofinktattoostudio,http://thunderbirdtattoopdx.com,Scappoose,OR,USA,N/A,4.9,2026-06-17 04:54:29
Sun and Moon Studios,10,"33464 SW Havlik Dr, Scappoose, OR 97056",503) 410-3090,https://www.instagram.com/sunandmoonstudiosscappoose,https://www.facebook.com/groups,https://www.tiktok.com/@bonappetitmag,http://www.sunandmoonstudios.net,Scappoose,OR,USA,email@example.com; sunmoonstudio19@gmail.com,4.6,2026-06-17 04:55:30
Tattoos Forever,50,"863 N First Ave, Stayton, OR 97383",503) 769-1177,N/A,https://www.facebook.com/share,N/A,https://www.facebook.com/share/1B35vQmGa1,Scotts Mills,OR,USA,N/A,5.0,2026-06-17 05:00:06
Alchemy Tattoo Collective,155,"220 Liberty St NE, Salem, OR 97301",971) 599-5932,https://www.instagram.com/alchemy_tattoo_salem,N/A,https://www.tiktok.com/@alchemytattoocollective,http://www.alchemytattoosalem.com,Scotts Mills,OR,USA,info@indiantypefoundry.com,4.6,2026-06-17 05:01:07
SWORDFISH TATTOO,10,"1106 Pine St, Silverton, OR 97381",971) 227-7260,https://www.instagram.com/swordfishtattoo,https://www.facebook.com/swordfishtattoo,https://www.tiktok.com/@tekulvetattoos,http://swordfishtattoo.com,Scotts Mills,OR,USA,N/A,5.0,2026-06-17 05:03:17
Mount Angel Tattoo,2,"165 N Main St, Mt Angel, OR 97362",503) 845-1111,https://www.instagram.com/back40tattooacademy,https://www.facebook.com/p,https://www.tiktok.com/@pmtsketch,https://www.mountangeltattoo.com,Scotts Mills,OR,USA,N/A,5.0,2026-06-17 05:04:19
No Hope No Fear Tattoo Art Studio,35,"828 SE 1st St, McMinnville, OR 97128",503) 583-2833,N/A,N/A,N/A,http://www.nohopenofeartattoo.com,Scotts Mills,OR,USA,N/A,4.8,2026-06-17 05:06:04
Back40Tattoo,264,"901 Brutscher St suite 209, Newberg, OR 97132",503) 759-6224,N/A,N/A,N/A,http://back40tattoo.com,Scotts Mills,OR,USA,N/A,4.8,2026-06-17 05:08:08
Rebel Underground Tattoo,21,"104 E Main St, Molalla, OR 97038",503) 383-1371,https://www.instagram.com/p,https://www.facebook.com/Normaniah03,https://www.tiktok.com/@ryanjessemusic,https://usavendorx.top/details/rebel-underground-tattoo-ChIJf8J,Scotts Mills,OR,USA,mapdetailscom@gmail.com,4.8,2026-06-17 05:09:18
Roots Deep Tattoo,151,"2017 25th St SE, Salem, OR 97302",503) 385-1005,https://www.instagram.com/rootsdeeptattoo,https://www.facebook.com/RootsDeepTattoo,N/A,https://www.rootsdeeptattoo.com,Scotts Mills,OR,USA,N/A,4.8,2026-06-17 05:11:12
Oregon Tattoo Co,227,"104 Commercial St SE, Salem, OR 97301",503) 365-0726,https://www.instagram.com/oregontattoocompany,https://www.facebook.com/oregontattoocompany,https://www.tiktok.com/@hails.tattoos,http://oregontattoo.top,Scotts Mills,OR,USA,N/A,4.7,2026-06-17 05:15:07
All American Tattoo,124,"1742 Center St NE #1748, Salem, OR 97301",503) 365-8866,https://www.instagram.com/allamerican_tattoo,N/A,https://www.tiktok.com/@inkedabroad,https://www.instagram.com/accounts/onetap,Scotts Mills,OR,USA,N/A,4.7,2026-06-17 05:16:55
Main Street Tattoo,42,"259 S Main St, Independence, OR 97351",503) 838-9891,N/A,N/A,N/A,N/A,Scotts Mills,OR,USA,N/A,4.7,2026-06-17 05:20:02
Electric Tradition Tattoo,13,"3070 River Rd N, Salem, OR 97303",N/A,N/A,N/A,N/A,N/A,Scotts Mills,OR,USA,N/A,5.0,2026-06-17 05:21:59
Summerland Studios,41,"1845 Fairgrounds Rd NE Suite 11, Salem, OR 97301",N/A,https://www.instagram.com/summerlandstudios,N/A,https://www.tiktok.com/@kruz1990,https://www.summerlandstudios.com,Scotts Mills,OR,USA,SummerlandTattoo@gmail.com; user@domain.com,5.0,2026-06-17 05:23:06
High Priestess Piercing & Tattoo,477,"3870 Center St NE, Salem, OR 97301",503) 967-6232,N/A,N/A,N/A,https://www.beststudioever.com/salem,Scotts Mills,OR,USA,N/A,4.4,2026-06-17 05:25:23
Addictions BodyArt Body Piercing & Tattoo,2075,"198 Liberty St SE, Salem, OR 97301",503) 825-0888,https://www.instagram.com/addictionssalem,N/A,https://www.tiktok.com/@addictionssalem,https://www.addictionsbodyart.com,Scotts Mills,OR,USA,Helpdesk.addictions@gmail.com; addictionstattoorequest@gmail.com; helpdesk.addictions@gmail.com; user@domain.com,4.7,2026-06-17 05:27:04
Blackcraft Tattoo,55,"2195 Hyacinth St NE Suite 145, Salem, OR 97301",503) 584-1370,https://www.instagram.com/blackcraft_tattoo,https://www.facebook.com/blackcrafttattooamherst,https://www.tiktok.com/@blackcraftcultofficial,N/A,Scotts Mills,OR,USA,N/A,4.8,2026-06-17 05:28:33
Lux Bloom - Tiny Tattoo Specialist,5,"165 Owens St S, Salem, OR 97302",N/A,https://www.instagram.com/luxebloomtats,https://www.facebook.com/groups,https://www.tiktok.com/@bloomtats,http://www.luxbloomstudio.com,Scotts Mills,OR,USA,N/A,5.0,2026-06-17 05:33:40
Lucky Supreme Tattoo,156,"512 Main St, Oregon City, OR 97045",503) 785-3750,https://www.instagram.com/lucky_supreme_tattoo,https://www.facebook.com/LuckySupremeTattoo,https://www.tiktok.com/@supremedrone,N/A,Scotts Mills,OR,USA,N/A,4.9,2026-06-17 05:34:56
SIC Tattoos,40,"18847 SW 84th Ave, Tualatin, OR 97062",503) 885-3938,https://www.instagram.com/sictattoosllc,https://www.facebook.com/S.I.C.TattooDesigns,https://www.tiktok.com/@nicksinktattoos,https://web.getporter.io/shop/sic-tattoos,Scotts Mills,OR,USA,N/A,4.8,2026-06-17 05:37:26
Taste of Ink,8,"3483A River Rd N, Keizer, OR 97303",N/A,https://www.instagram.com/p,https://www.facebook.com/p,https://www.tiktok.com/@thetaste.of_ink,N/A,Scotts Mills,OR,USA,N/A,5.0,2026-06-17 05:38:41
Magnificent Ink,16,"164 C St, Independence, OR 97351",503) 894-3109,https://www.instagram.com/p,https://www.facebook.com/Hannatattoos,https://www.tiktok.com/@inkedabroad,N/A,Scotts Mills,OR,USA,N/A,5.0,2026-06-17 05:39:46
TAT STU LLC,6,"4763 Lancaster Dr NE Suite #120, Salem, OR 97305",971) 301-5565,https://www.instagram.com/tat_stu_,https://www.facebook.com/uniladmag,https://www.tiktok.com/@dexterkay219,https://www.instagram.com/tat_stu_,Scotts Mills,OR,USA,N/A,5.0,2026-06-17 05:41:26
Jori Zan's Body Piercing,375,"2376 State St, Salem, OR 97301",503) 399-9633,http://instagram.com/jorizans,N/A,N/A,http://jorizans.com,Scotts Mills,OR,USA,user@domain.com,4.7,2026-06-17 05:43:17
Piercings By Aaron (Inside Alchemy Tattoo Collective),71,"220 Liberty St NE, Salem, OR 97301",503) 332-3298,http://instagram.com/piercingsbyaaron,https://www.facebook.com/alchemytattoosalem,https://www.tiktok.com/@alchemytattoocollective,https://alchemytattoosalem.com/piercings,Scotts Mills,OR,USA,info@indiantypefoundry.com,4.9,2026-06-17 05:44:58
grieving ink tattoo,34,"106 W 3rd St, Amity, OR 97101",916) 809-4882,https://www.instagram.com/grievinginktattoo,https://www.facebook.com/grievinginktattoo,https://www.tiktok.com/@lifewithlivs_,http://www.grievinginktattoo.com,Scotts Mills,OR,USA,Ryan@grievingink.com; ryan@grievingink.com,5.0,2026-06-17 05:46:05
Americana Tattoo Company,85,"407 Broadway St, Seaside, OR 97138",503) 741-1408,https://www.instagram.com/americana_tattoo_co,https://www.facebook.com/AmericanaTattooCo,https://www.tiktok.com/@americanatattooco,N/A,Seaside,OR,USA,N/A,4.6,2026-06-17 05:50:06
Salty Toad Body Art,31,"1010 3rd Ave Suite B, Seaside, OR 97138",503) 440-3003,https://www.instagram.com/saltytoadbodyart,https://www.facebook.com/saltytoadbodyart,https://www.tiktok.com/@bicoastalchaos,http://www.angrytoadsucks.com,Seaside,OR,USA,N/A,5.0,2026-06-17 05:51:37
grieving ink tattoo,34,"106 W 3rd St, Amity, OR 97101",916) 809-4882,N/A,N/A,N/A,http://www.grievinginktattoo.com,Shady Cove,OR,USA,N/A,5.0,2026-06-17 05:57:29
Big O' Tatties,9,"224 Airport Rd NE, Silverton, OR 97381",N/A,https://www.instagram.com/bigotatties,N/A,https://www.tiktok.com/@bigtattiez,https://www.instagram.com/bigotatties,Shady Cove,OR,USA,bigotatties@gmail.com,5.0,2026-06-17 05:59:27
Back40Tattoo,264,"901 Brutscher St suite 209, Newberg, OR 97132",503) 759-6224,https://www.instagram.com/back40tattooacademy,https://www.facebook.com/Back40tattooacademy,N/A,http://back40tattoo.com,Shady Cove,OR,USA,Back40tattoo@gmail.com,4.8,2026-06-17 06:02:33
Leaf & Lily Tattoo,26,"106 Depot St, Rogue River, OR 97537",N/A,https://www.instagram.com/jaimebryn,https://www.facebook.com/groups,https://www.tiktok.com/@lovetattoo__wawa,http://leafandlily.ink,Shady Cove,OR,USA,N/A,5.0,2026-06-17 06:04:23
Sundew Tattoo,107,"1276 Main St E, Monmouth, OR 97361",N/A,https://www.instagram.com/sundew.tattoo,N/A,https://www.tiktok.com/@rikysrayna,https://sundewtattoo.com,Shady Cove,OR,USA,N/A,5.0,2026-06-17 06:07:01
SWORDFISH TATTOO,10,"1106 Pine St, Silverton, OR 97381",971) 227-7260,http://instagram.com/swordfishtattoo,N/A,https://www.tiktok.com/@dellytattoos,http://swordfishtattoo.com,Shady Cove,OR,USA,user@domain.com,5.0,2026-06-17 06:09:02
Tats by M,31,"36315 N Hwy 101 Cabin 2, Nehalem, OR 97131",503) 338-8156,https://www.instagram.com/tats.bymaisie,N/A,https://www.tiktok.com/@ladefaction,https://tatsbym.square.site,Shady Cove,OR,USA,N/A,5.0,2026-06-17 06:11:40
Suite D Tattoo,3,"35170 Brooten Rd Suite D, Pacific City, OR 97135",541) 921-1935,https://www.instagram.com/suitedtattoo,https://www.facebook.com/SuiteDTattooPC,https://www.tiktok.com/@katvond,http://www.suitedtattoo.com,Shady Cove,OR,USA,N/A,5.0,2026-06-17 06:12:50
Rebel Underground Tattoo,21,"104 E Main St, Molalla, OR 97038",503) 383-1371,https://www.instagram.com/p,https://www.facebook.com/Normaniah03,https://www.tiktok.com/@ryanjessemusic,https://usavendorx.top/details/rebel-underground-tattoo-ChIJf8J,Shady Cove,OR,USA,mapdetailscom@gmail.com,4.8,2026-06-17 06:19:58
Sink-Ink,61,"267 E Ida St, Stayton, OR 97383",503) 559-9003,https://instagram.com/mac_missa,https://facebook.com/SinkInkTattoo,https://www.tiktok.com/@theblessingholyfield,http://www.sink-ink.com,Shady Cove,OR,USA,Bookingsinkink@gmail.com; bookingsinkink@gmail.com,4.8,2026-06-17 06:20:57
Tattoos Forever,50,"863 N First Ave, Stayton, OR 97383",503) 769-1177,https://www.instagram.com/merkytats,https://www.facebook.com/share,https://www.tiktok.com/@zoflo82,https://www.facebook.com/share/1B35vQmGa1,Shady Cove,OR,USA,N/A,5.0,2026-06-17 06:23:13
Dark Mark Tattoo & Beauty,69,"12930 SW Pacific Hwy #133, Tigard, OR 97223",N/A,https://www.instagram.com/darkmarkpdx,https://www.facebook.com/p,https://www.tiktok.com/@elely17,http://www.darkmarkpdx.com,Shady Cove,OR,USA,N/A,4.9,2026-06-17 06:24:45
My Living Canvas Tattoo,75,"392 Liberty St SE, Salem, OR 97301",503) 884-4043,N/A,N/A,N/A,http://www.mycanvastattoo.com,Shady Cove,OR,USA,N/A,4.9,2026-06-17 06:27:22
Stay True Tattoo,109,"2600 NW U.S. 101 E, Lincoln City, OR 97367",541) 364-1084,http://instagram.com/staytruelincolncity,N/A,https://www.tiktok.com/@staytruelbk,https://www.staytruelincolncity.com,Shady Cove,OR,USA,contact@staytruelincolncity.com; staytruelincolncity@gmail.com; user@domain.com,4.9,2026-06-17 06:28:57
Black N Blue Tattoo & Skate Shop,382,"1221 NW U.S. 101 Ste A, Lincoln City, OR 97367",541) 418-1527,http://instagram.com/blacknbluetattoonskateshop,N/A,https://www.tiktok.com/@oksana_weber,http://blacknbluetattoo.com,Shady Cove,OR,USA,BlackNBlue.Tattoo@yahoo.com; Malcolmlynchtattoos@gmail.com; emailBlackNBlue.Tattoo@yahoo.com; user@domain.com,4.9,2026-06-17 06:30:21
Heritage Tattoos By Jess,11,"108 N 7th St, Winchester Bay, OR 97467",541) 999-0552,https://www.instagram.com/jessvehretattoo,https://www.facebook.com/HeritageTattoosByJess,N/A,https://www.heritagetattoosbyjess.com,Shady Cove,OR,USA,HeritageTattoosByJess@gmail.com,4.2,2026-06-17 06:31:50
Wild Wild West Tattoo Studio,18,"120 Redwood Hwy, Cave Junction, OR 97523",541) 661-4348,https://www.instagram.com/wwtattoostudio,https://www.facebook.com/wildwildwesttattoostudio,https://www.tiktok.com/@wildwest_tattoos,N/A,Shady Cove,OR,USA,N/A,4.6,2026-06-17 06:35:08
Mild Bill's Mighty Oak Tattoo,5,"47581 OR-58, Oakridge, OR 97463",541) 321-9232,N/A,N/A,N/A,N/A,Shady Cove,OR,USA,N/A,5.0,2026-06-17 06:37:45
Blue Lace Body Art,17,"92573 River Rd, Junction City, OR 97448",N/A,https://www.instagram.com/emilydianetattoos,https://www.facebook.com/bluelacebodyart,https://www.tiktok.com/@erika_sanchez1988,N/A,Shady Cove,OR,USA,N/A,4.8,2026-06-17 06:41:21
Savages Tattoo Studio,2,"301 N 1st St B-581, Drain, OR 97435",541) 221-3283,https://www.instagram.com/savageroseink,https://www.facebook.com/savageinkstl,https://www.tiktok.com/@savagetattooutah,https://www.studiotattoo.com,Shady Cove,OR,USA,N/A,5.0,2026-06-17 06:44:21
Black Birds Studio,3,"455 S 4th St #2, Coos Bay, OR 97420",N/A,https://www.instagram.com/theblackbirdstudio,N/A,https://www.tiktok.com/@blackbirdstudioofficial,http://blackbirdsstudio.com,Shady Cove,OR,USA,BlackBirdsStudios@gmail.com; Blackbirdsstudios@gmail.com; Sunkenrelliktattoos@gmail.com; sunkenrelliktattoos@gmail.com; user@domain.com,5.0,2026-06-17 06:45:21
Reborn Ink,55,"104 S Mill St suite 102, Creswell, OR 97426",541) 658-5107,https://www.instagram.com/reborn.ink,https://www.facebook.com/rebornink78,https://www.tiktok.com/@ink.reborn,https://www.facebook.com/rebornink78,Shady Cove,OR,USA,N/A,5.0,2026-06-17 06:47:08
Flying Snail Tattoo LLC,41,"Upstairs, 4480 US-101 Bldg A Suite 1, Florence, OR 97439",541) 671-7984,https://www.instagram.com/flyingsnailtattoo,https://www.facebook.com/p,https://www.tiktok.com/@hayhayhooray,N/A,Shady Cove,OR,USA,N/A,4.9,2026-06-17 06:49:26
Body Art by Melody,28,"92573, 92573 River Rd, Junction City, OR 97448",N/A,https://www.instagram.com/bodyartbymelody,https://www.facebook.com/bodyartbymelody,N/A,http://bodyartbymelody.com,Shady Cove,OR,USA,bodyartbymelody@gmail.com,5.0,2026-06-17 06:51:26
Dead Gods Tattoo,203,"11509 SW Pacific Hwy, Portland, OR 97223",503) 352-4405,https://www.instagram.com/p,https://www.facebook.com/DeadGodsTattoo,https://www.tiktok.com/@deadgodstattoo,https://deadgodstattoo.com,Shedd,OR,USA,N/A,4.8,2026-06-17 06:53:53
The All In Tattoo Company,114,"275 Pacific Blvd SW #102, Albany, OR 97321",503) 884-5011,https://www.instagram.com/theallintattooco,https://www.facebook.com/theallintattooco,https://www.tiktok.com/@allintattooco21,https://www.facebook.com/theallintattooco,Shedd,OR,USA,N/A,4.9,2026-06-17 06:56:59
Bigtime Walk-In Tattoo,259,"3949 N Williams Ave, Portland, OR 97227",503) 265-8146,https://www.instagram.com/bigtimetattoopdx,N/A,https://www.tiktok.com/@tysonarndt,https://bigtimepdx.com,Shedd,OR,USA,info@bigtimepdx.com; tysondraws@yahoo.com; user@domain.com,4.9,2026-06-17 06:58:50
Fallen Cherub Tattoo Co.,13,"403 W 1st Ave Suite 1, Albany, OR 97321",541) 979-4660,https://www.instagram.com/fallencherubtattoo,https://www.facebook.com/share,https://www.tiktok.com/@fallencherubtattoo,https://www.facebook.com/share/15o9NtpH5C,Shedd,OR,USA,N/A,5.0,2026-06-17 07:01:18
Atlas Tattoo Studio,297,"4543 N Albina Ave, Portland, OR 97217",503) 281-7499,https://www.instagram.com/atlastattoo,N/A,https://www.tiktok.com/@gokceozaslan,http://www.atlastattoo.com,Shedd,OR,USA,user@domain.com,4.8,2026-06-17 07:02:53
Limitless Tattoo,67,"251 Pacific Blvd SW, Albany, OR 97321",541) 220-3251,N/A,http://facebook.com/Limitlesstattoo,https://www.tiktok.com/@lovinmy2lile_s,http://facebook.com/Limitlesstattoo,Shedd,OR,USA,N/A,4.8,2026-06-17 07:04:21
Viridian Ink Tattoo,58,"116 S Molalla Ave, Molalla, OR 97038",971) 806-7801,N/A,N/A,N/A,https://viridianinktattoo.com,Shedd,OR,USA,N/A,5.0,2026-06-17 07:06:36
Summerland Studios,41,"1845 Fairgrounds Rd NE Suite 11, Salem, OR 97301",N/A,N/A,N/A,N/A,https://www.summerlandstudios.com,Shedd,OR,USA,N/A,5.0,2026-06-17 07:09:14
Cross Over Tattoo Studio,150,"24048 US-20, Philomath, OR 97370",541) 961-0127,N/A,N/A,N/A,http://crossovertattoostudio.com,Shedd,OR,USA,N/A,4.9,2026-06-17 07:13:43
"Vintage Inks Tattoo, LLC",46,"19665 SW Tualatin Valley Hwy Suite E, Aloha, OR 97006",971) 983-7111,https://instagram.com/vintageinkstattoo,https://www.facebook.com/p,N/A,https://vintageinkstattoo.com,Shedd,OR,USA,N/A,4.9,2026-06-17 07:18:40
OREGON CITY TATTOO,142,"Lower Level, 207 7th St B1, Oregon City, OR 97045",503) 974-9173,N/A,N/A,N/A,http://www.oregoncitytattoo.com,Shedd,OR,USA,N/A,4.8,2026-06-17 07:20:53
Oregon Tattoo Co,227,"104 Commercial St SE, Salem, OR 97301",503) 365-0726,https://www.instagram.com/oregontattoocompany,https://www.facebook.com/oregontattoocompany,https://www.tiktok.com/@oregontattooartist,http://oregontattoo.top,Shedd,OR,USA,N/A,4.7,2026-06-17 07:25:34
P.ink - Salem Oregon fine line tattoos,49,"870 Commercial St SE, Salem, OR 97302",503) 428-7207,https://www.instagram.com/p.ink.tattoostudio,https://www.facebook.com/p.inkbeautystudiollc,https://www.tiktok.com/@p.ink.tattoostudio,https://linktr.ee/_p.ink,Shedd,OR,USA,p.inktatstudio@gmail.com,5.0,2026-06-17 07:26:40
Welcome Home Tattoo,96,"1981 SE Monroe St, Milwaukie, OR 97222",503) 545-0515,https://www.instagram.com/brutalxboogie,https://www.facebook.com/p,https://www.tiktok.com/@inkedabroad,https://welcomehometattoo.com,Shedd,OR,USA,N/A,5.0,2026-06-17 07:28:15
Sellwood Tattoo Parlor,124,"405 W Arlington St, Gladstone, OR 97027",971) 266-8970,https://instagram.com/sellwoodtattoo,https://www.facebook.com/wix,N/A,http://www.sellwoodtattoo.com,Shedd,OR,USA,N/A,4.9,2026-06-17 07:31:44
Graveyard Tattoos,106,"9235 SE Clackamas Rd, Clackamas, OR 97015",503) 655-0200,https://www.instagram.com/popular,https://www.facebook.com/media,https://www.tiktok.com/@brvnogonzalez,http://www.graveyardtattoos.com,Shedd,OR,USA,N/A,4.8,2026-06-17 07:36:20
grieving ink tattoo,34,"106 W 3rd St, Amity, OR 97101",916) 809-4882,https://www.instagram.com/grievinginktattoo,https://www.facebook.com/grievinginktattoo,https://www.tiktok.com/@lifewithlivs_,http://www.grievinginktattoo.com,Shedd,OR,USA,N/A,5.0,2026-06-17 07:38:13
Birdhouse Tattoo,167,"3827 NE Martin Luther King Jr Blvd, Portland, OR 97212",971) 340-5634,https://www.instagram.com/birdhouse.tattoo,N/A,https://www.tiktok.com/@birdhousetattoo,http://www.thebirdhousetattoo.com,Shedd,OR,USA,Hello@thebirdhousetattoo.com; appointments@thebirdhousetattoo.com; user@domain.com,4.9,2026-06-17 07:39:47
Dark Star Tattoo,110,"2360 State St, Salem, OR 97301",503) 763-9696,https://www.instagram.com/darkstartat2,https://www.facebook.com/darkstartattoosalem,https://www.tiktok.com/@darkstar.tattoo,N/A,Shedd,OR,USA,N/A,4.7,2026-06-17 07:40:49
Brigett Price Lucid Ink Tattoo,11,"4625 SE Woodstock Blvd, Portland, OR 97206",503) 758-3407,https://www.instagram.com/brigettprice,https://www.facebook.com/BrigettPriceTattoos,N/A,N/A,Shedd,OR,USA,N/A,5.0,2026-06-17 07:42:01
Darkest Days Tattoo,129,"1107 SW Coast Hwy, Newport, OR 97365",541) 961-4587,N/A,N/A,N/A,https://www.darkestdaystattoo.ink,Shedd,OR,USA,N/A,4.9,2026-06-17 07:44:35
Sea Tramp Tattoo Co walkins after 4,115,"1339 SE 8th Ave, Portland, OR 97214",503) 224-4668,https://www.instagram.com/seatramptattoo,https://www.facebook.com/seatramptattoocompany,https://www.tiktok.com/@reallygoodsoup,http://www.seatramptattoo.com,Shedd,OR,USA,231-9784seatramptattoo@yahoo.com; seatramptattoo@yahoo.com,4.7,2026-06-17 07:45:54
Apollo Art Cooperative,37,"415 NE 3rd St, McMinnville, OR 97128",503) 487-7159,https://www.instagram.com/apolloartcooperative,https://www.facebook.com/FancyRabbitArtCollective,https://www.tiktok.com/@hemi_tattoo,https://m.facebook.com/pg/FancyRabbitArtCollective/photos,Sheridan,OR,USA,N/A,4.6,2026-06-17 07:50:55
Indigenous Arts Tattoo Company,5,"143 SW Court St, Dallas, OR 97338",503) 837-1777,https://www.instagram.com/indigenousarts_tattoo,https://www.facebook.com/p,https://www.tiktok.com/@ampkwaimages,N/A,Sheridan,OR,USA,N/A,5.0,2026-06-17 07:52:39
Parlor on 3rd,25,"405 NE 3rd St Suite 3, McMinnville, OR 97128",541) 282-4081,N/A,https://www.facebook.com/Meta,https://www.tiktok.com/@iamcardib,https://m.facebook.com/parloron3rd,Sheridan,OR,USA,N/A,4.8,2026-06-17 07:56:00
Sundew Tattoo,107,"1276 Main St E, Monmouth, OR 97361",N/A,https://www.instagram.com/sundew.tattoo,N/A,https://www.tiktok.com/@thegirlybaskett,https://sundewtattoo.com,Sheridan,OR,USA,N/A,5.0,2026-06-17 07:58:08
Tattoos by Savy,9,"415 NE 3rd St, McMinnville, OR 97128",971) 801-4212,https://www.instagram.com/savyyjb,https://www.facebook.com/savytattoos,https://www.tiktok.com/@savvysimms,https://www.tattoosbysavy.com,Sheridan,OR,USA,N/A,5.0,2026-06-17 08:00:40
M.inked Beauty LLC,7,"1900 NE Hwy 99W suite H, McMinnville, OR 97128",971) 241-5072,https://www.instagram.com/m.inkedbeautyllc,https://www.facebook.com/covetedbeautyxmolly,https://www.tiktok.com/@marianagvarela,N/A,Sheridan,OR,USA,N/A,4.4,2026-06-17 08:02:11
Nettle Tattoo,1,"415 NE 3rd St, McMinnville, OR 97128",N/A,N/A,N/A,N/A,https://nettletattoos.com,Sheridan,OR,USA,N/A,5.0,2026-06-17 08:04:44
Main Street Tattoo,42,"259 S Main St, Independence, OR 97351",503) 838-9891,https://www.instagram.com/outinthestyx,https://www.facebook.com/mainstreet.tattoo.mftx,https://www.tiktok.com/@mainstreettattooperth,N/A,Sheridan,OR,USA,N/A,4.7,2026-06-17 08:05:57
SIC Tattoos,40,"18847 SW 84th Ave, Tualatin, OR 97062",503) 885-3938,https://www.instagram.com/sictattoosllc,https://www.facebook.com/sic.sidetattooing,https://www.tiktok.com/@sicc.sixx.sicc,https://web.getporter.io/shop/sic-tattoos,Sheridan,OR,USA,N/A,4.8,2026-06-17 08:07:54
Stay True Tattoo,109,"2600 NW U.S. 101 E, Lincoln City, OR 97367",541) 364-1084,http://instagram.com/staytruelincolncity,N/A,https://www.tiktok.com/@staytruelbk,https://www.staytruelincolncity.com,Sheridan,OR,USA,staytruelincolncity@gmail.com; user@domain.com,4.9,2026-06-17 08:11:11
Artemis,2,"415 NE 3rd St, McMinnville, OR 97128",N/A,https://www.instagram.com/nasaartemis,https://www.facebook.com/NASAArtemis,https://www.tiktok.com/en,N/A,Sheridan,OR,USA,N/A,5.0,2026-06-17 08:12:19
The Silverton Tattoo Co.,67,"208 E Main St, Silverton, OR 97381",971) 343-3333,N/A,https://www.facebook.com/silvertontattoo,N/A,https://www.facebook.com/silvertontattoo,Silverton,OR,USA,N/A,4.6,2026-06-17 08:18:56
Big O' Tatties,9,"224 Airport Rd NE, Silverton, OR 97381",N/A,https://www.instagram.com/bigotatties,N/A,https://www.tiktok.com/@kelliegerardi,https://www.instagram.com/bigotatties,Silverton,OR,USA,bigotatties@gmail.com,5.0,2026-06-17 08:20:30
Eastwood Tattoos,39,"101 W Main Ave Suite 203, Sisters, OR 97759",541) 719-8845,N/A,N/A,N/A,http://eastwoodtattoos.com,Sisters,OR,USA,N/A,4.8,2026-06-17 08:25:01
Sweet Home Tattoo,23,"1228 Main St, Sweet Home, OR 97386",503) 984-1576,N/A,N/A,N/A,N/A,Sodaville,OR,USA,N/A,4.7,2026-06-17 08:29:07
No Hope No Fear Tattoo Art Studio,35,"828 SE 1st St, McMinnville, OR 97128",503) 583-2833,N/A,N/A,N/A,http://www.nohopenofeartattoo.com,Sodaville,OR,USA,N/A,4.8,2026-06-17 08:32:37
The All In Tattoo Company,114,"275 Pacific Blvd SW #102, Albany, OR 97321",503) 884-5011,https://www.instagram.com/theallintattooco,https://www.facebook.com/theallintattooco,https://www.tiktok.com/@allintattooco21,https://www.facebook.com/theallintattooco,Sodaville,OR,USA,N/A,4.9,2026-06-17 08:36:59
Big O' Tatties,9,"224 Airport Rd NE, Silverton, OR 97381",N/A,https://www.instagram.com/bigotatties,N/A,N/A,https://www.instagram.com/bigotatties,Sodaville,OR,USA,N/A,5.0,2026-06-17 08:40:11
Neighborhood Tattoo Parlor,0,"296 N 2nd St, Jefferson, OR 97352",N/A,https://instagram.com/claytontattooer,N/A,https://www.tiktok.com/@saraevetattoo,https://instagram.com/claytontattooer,Sodaville,OR,USA,N/A,0,2026-06-17 08:42:57
DieHard Piercing & Tattoo Studio,456,"224 SW Washington St, Albany, OR 97321",541) 967-7883,https://www.instagram.com/diehard_piercing_tattoo,https://www.facebook.com/p,N/A,https://www.diehardlife.com,Sodaville,OR,USA,N/A,4.8,2026-06-17 08:44:50
Morningstar Tattoo,31,"1113 Hill St SE suite i, Albany, OR 97322",N/A,https://www.instagram.com/masteringmyself,https://www.facebook.com/tattoosbymadisondoty,https://www.tiktok.com/@masteringmyself,https://linktr.ee/tattoosbymadisondoty,Sodaville,OR,USA,Tattoo.madi.17@gmail.com,4.9,2026-06-17 08:48:59
Passionate Craft Tattoo Studio,30,"420 SE 1st Ave Suite B, Albany, OR 97321",541) 409-6311,N/A,https://www.facebook.com/share,N/A,https://www.facebook.com/share/16NMPAAzJE,Sodaville,OR,USA,N/A,5.0,2026-06-17 08:51:22
Lighter shade of grey,17,"415 S Main St, Pendleton, OR 97801",541) 970-4109,N/A,https://www.facebook.com/Lighter-Shade-of-Grey-107985491963172,https://www.tiktok.com/@tatechtips,https://www.facebook.com/Lighter-Shade-of-Grey-107985491963172,Stanfield,OR,USA,N/A,4.5,2026-06-17 17:41:02
Maitland's Tattoo,36,"150 SE Dayton St, John Day, OR 97845",541) 965-9562,https://www.instagram.com/ridenourmaitland,https://www.facebook.com/groups,https://www.tiktok.com/@majesticinkmelcarrall,N/A,Stanfield,OR,USA,N/A,4.6,2026-06-17 17:42:12
Rebel Underground Tattoo,21,"104 E Main St, Molalla, OR 97038",503) 383-1371,https://www.instagram.com/p,https://www.facebook.com/undergroundtattoostudios,https://www.tiktok.com/@ryanjessemusic,https://usavendorx.top/details/rebel-underground-tattoo-ChIJf8J,Stanfield,OR,USA,mapdetailscom@gmail.com,4.8,2026-06-17 17:43:49
Black Sigil Tattoo,13,"104 E Main St, Molalla, OR 97038",503) 893-2777,N/A,N/A,N/A,N/A,Stanfield,OR,USA,N/A,5.0,2026-06-17 17:45:25
TRUE GRIT TATTOO,18,"1741 SW Court Ave, Pendleton, OR 97801",971) 985-5002,N/A,http://www.facebook.com/truegritpendleton,https://www.tiktok.com/@true.grit.tattoo,http://www.facebook.com/truegritpendleton,Stanfield,OR,USA,N/A,4.8,2026-06-17 17:47:09
Sweet Home Tattoo,23,"1228 Main St, Sweet Home, OR 97386",503) 984-1576,https://www.instagram.com/sweethometattooshop,https://www.facebook.com/sweethometattooshop,https://www.tiktok.com/@sweet_home_tattoo,N/A,Stanfield,OR,USA,N/A,4.7,2026-06-17 17:48:55
Viridian Ink Tattoo,58,"116 S Molalla Ave, Molalla, OR 97038",971) 806-7801,https://www.instagram.com/viridianinktattoo,N/A,https://www.tiktok.com/@francescas.tattoos,https://viridianinktattoo.com,Stanfield,OR,USA,example@mysite.com; viridianinktattoo@gmail.com,5.0,2026-06-17 17:50:21
Tattoos Forever,50,"863 N First Ave, Stayton, OR 97383",503) 769-1177,https://www.instagram.com/tattoosforever850,https://www.facebook.com/share,https://www.tiktok.com/@dontcallmejolenee,https://www.facebook.com/share/1B35vQmGa1,Stayton,OR,USA,Tattooerdad49@gmail.com; tattooerdad49@gmail.com,5.0,2026-06-17 17:52:50
Sink-Ink,61,"267 E Ida St, Stayton, OR 97383",503) 559-9003,https://instagram.com/mac_missa,https://facebook.com/SinkInkTattoo,https://www.tiktok.com/@neilpatel,http://www.sink-ink.com,Stayton,OR,USA,Bookingsinkink@gmail.com; bookingsinkink@gmail.com,4.8,2026-06-17 17:54:01
Tattoos Forever,50,"863 N First Ave, Stayton, OR 97383",503) 769-1177,https://www.instagram.com/alwaysxforevertattoo,https://www.facebook.com/share,https://www.tiktok.com/@doldol_tattoo,https://www.facebook.com/share/1B35vQmGa1,Sublimity,OR,USA,Tattooerdad49@gmail.com; tattooerdad49@gmail.com,5.0,2026-06-17 17:57:35
Sink-Ink,61,"267 E Ida St, Stayton, OR 97383",503) 559-9003,https://instagram.com/mac_missa,https://facebook.com/SinkInkTattoo,https://www.tiktok.com/en,http://www.sink-ink.com,Sublimity,OR,USA,Bookingsinkink@gmail.com; bookingsinkink@gmail.com,4.8,2026-06-17 17:58:54
The Silverton Tattoo Co.,67,"208 E Main St, Silverton, OR 97381",971) 343-3333,N/A,https://www.facebook.com/silvertontattoo,N/A,https://www.facebook.com/silvertontattoo,Sublimity,OR,USA,N/A,4.6,2026-06-17 18:00:31
Wildcat Electric Tattoo,25,"1333 Main St, Philomath, OR 97370",541) 286-5550,https://www.instagram.com/wildcat_electric_tattoo,https://www.facebook.com/Wildcat.Ink,https://www.tiktok.com/@donebyself,https://form.jotform.com/250055512304140,Sublimity,OR,USA,email@yahoo.com; example@example.com,5.0,2026-06-17 18:01:44
All American Tattoo,124,"1742 Center St NE #1748, Salem, OR 97301",503) 365-8866,N/A,N/A,N/A,https://www.instagram.com/accounts/onetap,Sublimity,OR,USA,N/A,4.7,2026-06-17 18:03:43
Alchemy Tattoo Collective,155,"220 Liberty St NE, Salem, OR 97301",971) 599-5932,https://www.instagram.com/alchemytattoocollective_salem,https://www.facebook.com/alchemytattoosalem,https://www.tiktok.com/@alchemytattoocollective,http://www.alchemytattoosalem.com,Sublimity,OR,USA,N/A,4.6,2026-06-17 18:05:20
Big O' Tatties,9,"224 Airport Rd NE, Silverton, OR 97381",N/A,https://www.instagram.com/bigotatties,N/A,https://www.tiktok.com/en,https://www.instagram.com/bigotatties,Sublimity,OR,USA,bigotatties@gmail.com,5.0,2026-06-17 18:06:37
Desire Art and Ink Tattoo,127,"2310 Commercial St SE, Salem, OR 97302",503) 584-1626,https://www.instagram.com/sean_johnston_desire,https://www.facebook.com/desireartandink,https://www.tiktok.com/@loserstudios,https://www.desireartandink.com,Sublimity,OR,USA,tattoo@desireartandink.com,4.8,2026-06-17 18:07:53
Inclusion Ink,29,"167 High St SE, Salem, OR 97301",503) 383-8877,N/A,N/A,https://www.tiktok.com/@mollyburkeofficial,http://www.inclusioninktattoo.com,Sublimity,OR,USA,N/A,5.0,2026-06-17 18:09:34
Good Vibes Tattoo Co.,15,"1221 23rd St SE #170, Salem, OR 97302",N/A,http://instagram.com/goodvibestattooco,N/A,https://www.tiktok.com/@goodvibestattoostudio,http://instagram.com/goodvibestattooco,Sublimity,OR,USA,N/A,4.5,2026-06-17 18:10:52
Sweet Home Tattoo,23,"1228 Main St, Sweet Home, OR 97386",503) 984-1576,https://www.instagram.com/sweethometattooshop,https://www.facebook.com/groups,https://www.tiktok.com/@s_bernii,N/A,Sublimity,OR,USA,N/A,4.7,2026-06-17 18:12:17
P.ink - Salem Oregon fine line tattoos,49,"870 Commercial St SE, Salem, OR 97302",503) 428-7207,https://www.instagram.com/p.ink.tattoostudio,https://www.facebook.com/p.inkbeautystudiollc,https://www.tiktok.com/@p.ink.tattoostudio,https://linktr.ee/_p.ink,Sublimity,OR,USA,p.inktatstudio@gmail.com,5.0,2026-06-17 18:13:23
Fallen Cherub Tattoo Co.,13,"403 W 1st Ave Suite 1, Albany, OR 97321",541) 979-4660,https://www.instagram.com/fallencherubtattoo,https://www.facebook.com/share,https://www.tiktok.com/@fallencherubtattoo,https://www.facebook.com/share/15o9NtpH5C,Sublimity,OR,USA,Fallencherubtattoo@gmail.com; fallencherubtattoo@gmail.com,5.0,2026-06-17 18:15:10
SWORDFISH TATTOO,10,"1106 Pine St, Silverton, OR 97381",971) 227-7260,http://instagram.com/swordfishtattoo,N/A,https://www.tiktok.com/@sammillidgetattoo,http://swordfishtattoo.com,Sublimity,OR,USA,user@domain.com,5.0,2026-06-17 18:16:23
Lucky Squirrel Tattoo,86,"3341 Commercial St SE, Salem, OR 97302",503) 689-1980,N/A,https://www.facebook.com/luckysquirreltattoo503,https://www.tiktok.com/@jodieeyoung,https://www.facebook.com/luckysquirreltattoo503,Sublimity,OR,USA,N/A,4.7,2026-06-17 18:17:59
Dark Star Tattoo,110,"2360 State St, Salem, OR 97301",503) 763-9696,https://www.instagram.com/darkstartattoo.ca,https://www.facebook.com/darkstartattoosalem,https://www.tiktok.com/@darkstartat2,N/A,Sublimity,OR,USA,N/A,4.7,2026-06-17 18:19:40
Oregon Tattoo Co,227,"104 Commercial St SE, Salem, OR 97301",503) 365-0726,https://www.instagram.com/oregontattoocompany,https://www.facebook.com/oregontattoocompany,https://www.tiktok.com/@hails.tattoos,http://oregontattoo.top,Sublimity,OR,USA,N/A,4.7,2026-06-17 18:21:02
Sundew Tattoo,107,"1276 Main St E, Monmouth, OR 97361",N/A,https://www.instagram.com/sundew.tattoo,https://www.facebook.com/groups,https://www.tiktok.com/@rosannebecker,https://sundewtattoo.com,Sublimity,OR,USA,N/A,5.0,2026-06-17 18:22:48
Lucky Tiger Tattoo,35,"1333 Main St, Philomath, OR 97370",541) 929-6666,https://www.instagram.com/luckytigertattooparlor,N/A,https://www.tiktok.com/@lucky.tiger.tattoo,https://www.instagram.com/luckytigertattooparlor,Sublimity,OR,USA,N/A,4.6,2026-06-17 18:24:37
Rebel Underground Tattoo,21,"104 E Main St, Molalla, OR 97038",503) 383-1371,https://www.instagram.com/rebelrebeltattoo,https://www.facebook.com/groups,https://www.tiktok.com/@rebelmusetattoo,https://usavendorx.top/details/rebel-underground-tattoo-ChIJf8J,Sublimity,OR,USA,mapdetailscom@gmail.com,4.8,2026-06-17 18:26:19
Roots Deep Tattoo,151,"2017 25th St SE, Salem, OR 97302",503) 385-1005,https://instagram.com/Rootsdeeptattoo,https://www.facebook.com/RootsDeepTattoo,https://www.tiktok.com/@theartistelement,https://www.rootsdeeptattoo.com,Sublimity,OR,USA,RootsDeepTattoos@gmail.com,4.8,2026-06-17 18:27:32
Black Sigil Tattoo,13,"104 E Main St, Molalla, OR 97038",503) 893-2777,https://www.instagram.com/ringowonnacott,https://www.facebook.com/p,https://www.tiktok.com/@sacredrebeltattoo,N/A,Sublimity,OR,USA,N/A,5.0,2026-06-17 18:29:05
PermaGrafix Tattoo,61,"2217 Santiam Hwy SE, Albany, OR 97322",541) 990-0826,https://www.instagram.com/p,https://www.facebook.com/permagrafixtattoo,https://www.tiktok.com/@permagrafix,http://www.permagrafix.com,Sublimity,OR,USA,N/A,4.5,2026-06-17 18:30:22
Ink Rich Tattoo,41,"1210 S Main St, Lebanon, OR 97355",541) 570-3370,https://www.instagram.com/inkrichtattoo,https://www.facebook.com/inkrichtattoo,https://www.tiktok.com/@inkavetattoos,N/A,Sublimity,OR,USA,N/A,5.0,2026-06-17 18:31:40
Limitless Tattoo,67,"251 Pacific Blvd SW, Albany, OR 97321",541) 220-3251,N/A,http://facebook.com/Limitlesstattoo,https://www.tiktok.com/@lovinmy2lile_s,http://facebook.com/Limitlesstattoo,Sublimity,OR,USA,N/A,4.8,2026-06-17 18:32:52
DieHard Piercing & Tattoo Studio,456,"224 SW Washington St, Albany, OR 97321",541) 967-7883,https://www.instagram.com/diehard_piercing_tattoo,https://www.facebook.com/DieHard-Piercing-Tattoo-Studio-132975783405517,N/A,https://www.diehardlife.com,Sublimity,OR,USA,N/A,4.8,2026-06-17 18:34:21
Tourniquet Tattoo,65,"260 SW Ferry St, Albany, OR 97321",541) 281-3390,N/A,https://www.facebook.com/share,https://www.tiktok.com/@athenajarman,https://www.facebook.com/share/UaBotpaY2WtfYE1V,Sublimity,OR,USA,N/A,5.0,2026-06-17 18:36:56
Clean Slate Tattoo,8,"3507 Commercial St SE, Salem, OR 97302",971) 453-9512,https://www.instagram.com/cleanslatetattoosalem,https://www.facebook.com/p,https://www.tiktok.com/@kingz_artistry,N/A,Sublimity,OR,USA,N/A,4.8,2026-06-17 18:38:46
Magnificent Ink,16,"164 C St, Independence, OR 97351",503) 894-3109,https://www.instagram.com/p,https://www.facebook.com/Magnificentink,https://www.tiktok.com/@inkedabroad,N/A,Sublimity,OR,USA,N/A,5.0,2026-06-17 18:39:45
Fortunes Favor Tattoo Studio,19,"1330 12th St SE, Salem, OR 97302",971) 208-2212,https://www.instagram.com/cspleasant,https://www.facebook.com/groups,https://www.tiktok.com/@natesorensen_tattooist,N/A,Sublimity,OR,USA,N/A,5.0,2026-06-17 18:41:03
Passionate Craft Tattoo Studio,30,"420 SE 1st Ave Suite B, Albany, OR 97321",541) 409-6311,N/A,https://www.facebook.com/share,https://www.tiktok.com/@hustlebutter,https://www.facebook.com/share/16NMPAAzJE,Sublimity,OR,USA,N/A,5.0,2026-06-17 18:42:45
Body Art by Melody,28,"92573, 92573 River Rd, Junction City, OR 97448",N/A,https://www.instagram.com/bodyartbymelody,https://www.facebook.com/bodyartbymelody,https://www.tiktok.com/@edenbodyartstudios,http://bodyartbymelody.com,Sublimity,OR,USA,bodyartbymelody@gmail.com,5.0,2026-06-17 18:44:03
Morningstar Tattoo,31,"1113 Hill St SE suite i, Albany, OR 97322",N/A,https://www.instagram.com/masteringmyself,https://www.facebook.com/tattoosbymadisondoty,https://www.tiktok.com/@masteringmyself,https://linktr.ee/tattoosbymadisondoty,Sublimity,OR,USA,Tattoo.madi.17@gmail.com,4.9,2026-06-17 18:45:10
Saltwater Tattoo Collective,12,"34950 Brooten Rd, Cloverdale, OR 97112",503) 437-4781,https://instagram.com/tattoosbyjessward,https://www.facebook.com/p,https://www.tiktok.com/@emscottla,https://www.tattoosbyjessward.com,Sublimity,OR,USA,N/A,5.0,2026-06-17 18:46:59
Tattoos Forever,50,"863 N First Ave, Stayton, OR 97383",503) 769-1177,https://www.instagram.com/alwaysxforevertattoo,https://www.facebook.com/share,https://www.tiktok.com/@jokersart432,https://www.facebook.com/share/1B35vQmGa1,Sumpter,OR,USA,Tattooerdad49@gmail.com,5.0,2026-06-17 18:49:55
Freak of Ink | Tattoo & Ink Shop | Albany OR,73,"2120 SE Geary St, Albany, OR 97322",541) 979-5042,https://www.instagram.com/freakofink,https://www.facebook.com/p,https://www.tiktok.com/@freakofink1911,N/A,Sumpter,OR,USA,N/A,4.8,2026-06-17 18:51:13
The All In Tattoo Company,114,"275 Pacific Blvd SW #102, Albany, OR 97321",503) 884-5011,N/A,https://www.facebook.com/theallintattooco,https://www.tiktok.com/@allintattooco21,https://www.facebook.com/theallintattooco,Sumpter,OR,USA,N/A,4.9,2026-06-17 18:52:53
Fallen Cherub Tattoo Co.,13,"403 W 1st Ave Suite 1, Albany, OR 97321",541) 979-4660,https://www.instagram.com/fallencherubtattoo,https://www.facebook.com/share,https://www.tiktok.com/@fallencherubtattoo,https://www.facebook.com/share/15o9NtpH5C,Sumpter,OR,USA,Fallencherubtattoo@gmail.com; fallencherubtattoo@gmail.com,5.0,2026-06-17 18:54:20
Morningstar Tattoo,31,"1113 Hill St SE suite i, Albany, OR 97322",N/A,https://www.instagram.com/masteringmyself,https://www.facebook.com/tattoosbymadisondoty,https://www.tiktok.com/@masteringmyself,https://linktr.ee/tattoosbymadisondoty,Sumpter,OR,USA,Tattoo.madi.17@gmail.com,4.9,2026-06-17 18:55:38
Sweet Home Tattoo,23,"1228 Main St, Sweet Home, OR 97386",503) 984-1576,https://www.instagram.com/sweethometattooshop,https://www.facebook.com/groups,https://www.tiktok.com/@sweethomelife1,N/A,Sumpter,OR,USA,N/A,4.7,2026-06-17 18:56:40
PermaGrafix Tattoo,61,"2217 Santiam Hwy SE, Albany, OR 97322",541) 990-0826,https://www.instagram.com/p,https://www.facebook.com/permagrafixtattoo,https://www.tiktok.com/@permagrafix,http://www.permagrafix.com,Sumpter,OR,USA,N/A,4.5,2026-06-17 18:57:49
Limitless Tattoo,67,"251 Pacific Blvd SW, Albany, OR 97321",541) 220-3251,N/A,http://facebook.com/Limitlesstattoo,https://www.tiktok.com/@lovinmy2lile_s,http://facebook.com/Limitlesstattoo,Sumpter,OR,USA,N/A,4.8,2026-06-17 18:59:19
Storylines Ink Parlor-Corvallis,15,"340 SW 2nd St Ste 1, Corvallis, OR 97333",661) 474-1383,https://www.instagram.com/james.paul.egan,https://www.facebook.com/share,https://www.tiktok.com/@eyetattoo_,https://storylinesinkparlor.com,Sumpter,OR,USA,N/A,5.0,2026-06-17 19:00:42
Storylines Ink Parlor,83,"324 N Coast Hwy ste. #4, Newport, OR 97365",661) 474-1383,https://www.instagram.com/james.paul.egan,https://www.facebook.com/share,https://www.tiktok.com/@inkslingertattoostudio,http://storylinesinkparlor.com,Sumpter,OR,USA,N/A,5.0,2026-06-17 19:01:44
Main Street Tattoo,42,"259 S Main St, Independence, OR 97351",503) 838-9891,https://www.instagram.com/outinthestyx,https://www.facebook.com/pages,https://www.tiktok.com/@mainstreettattoo,N/A,Sumpter,OR,USA,N/A,4.7,2026-06-17 19:02:46
Bodacious Tattoos,26,"915 SE 9th Ave, Albany, OR 97322",541) 401-1238,https://www.instagram.com/bodacioustattoos,https://www.facebook.com/p,https://www.tiktok.com/@inkedabroad,http://bodacioustattoos.com,Sumpter,OR,USA,N/A,5.0,2026-06-17 19:05:07
Newport Tattoo,71,"429 SW Coast Hwy, Newport, OR 97365",541) 264-8359,https://www.instagram.com/dontattooer,https://www.facebook.com/groups,https://www.tiktok.com/@alienzarereal69,http://www.newporttattooshop.com,Sumpter,OR,USA,hi@mystore.com; info@newporttattooshop.com; newporttattooco@gmail.com,4.8,2026-06-17 19:06:16
Monolith Tattoo & Piercing,650,"61470 S Hwy 97 #3a, Bend, OR 97702",541) 647-2347,https://www.instagram.com/monolith_tattoo_studio,https://www.facebook.com/monolithtattoo,https://www.tiktok.com/@dirtyolepigpen,http://www.monolithtattoostudio.com,Sumpter,OR,USA,monolithtattoostudio@gmail.com,4.8,2026-06-17 19:07:51
Not So Hidden Art - Yvette Tattoo,11,"728 NW 6th St, Redmond, OR 97756",425) 301-3324,https://www.instagram.com/yvette.tattoo,https://www.facebook.com/groups,https://www.tiktok.com/@youareyouthful,https://www.notsohiddenart.com,Sumpter,OR,USA,hi@mystore.com; ywettetattoo@gmail.com,5.0,2026-06-17 19:09:04
Bend Tattoo Company,185,"875 SE 3rd St #200, Bend, OR 97702",541) 848-8361,https://www.instagram.com/sethrowan1,https://www.facebook.com/BendTattooCompany,https://www.tiktok.com/@ridertattoostudio,http://www.bendtattoo.com,Sumpter,OR,USA,donotreply@nccdn.net; email@bendtattoo.com; info@sethrowan.com,4.9,2026-06-17 19:10:23
Nine Needles Tattoo,14,"873 W Central Ave, Sutherlin, OR 97479",541) 315-2220,https://www.instagram.com/nineneedlestattoo,https://www.facebook.com/laceydavistattoos,https://www.tiktok.com/@laceyclarno,N/A,Sutherlin,OR,USA,N/A,4.0,2026-06-17 19:13:09
Opal & Onyx Salon,19,"122 N State St, Sutherlin, OR 97479",458) 271-9063,https://www.instagram.com/roseburgnails,N/A,https://www.tiktok.com/@cailinscreations_,https://www.opalandonyxsalon.com,Sutherlin,OR,USA,opalonyxsutherlin@gmail.com; user@domain.com,5.0,2026-06-17 19:14:19
Rose Ink Permanent Makeup Tattoo,15,"759 W Central Ave, Sutherlin, OR 97479",541) 680-8727,https://www.instagram.com/_rose_ink,https://www.facebook.com/p,https://www.tiktok.com/@roseinkofficial,https://541beautybyg.com,Sutherlin,OR,USA,N/A,5.0,2026-06-17 19:15:34
Sweet Home Tattoo,23,"1228 Main St, Sweet Home, OR 97386",503) 984-1576,https://www.instagram.com/sweethometattooshop,https://www.facebook.com/sweethometattooshop,https://www.tiktok.com/@s_bernii,N/A,Sweet Home,OR,USA,N/A,4.7,2026-06-17 19:17:07
Dependable Tattoo,170,"120 E Main St, Medford, OR 97501",541) 690-1439,https://instagram.com/dependabletattoo,http://facebook.com/dependabletattoo,https://www.tiktok.com/@inkedabroad,http://www.dependabletattoo.com,Talent,OR,USA,info@dependabletattoo.com,4.4,2026-06-17 19:18:47
The All In Tattoo Company,114,"275 Pacific Blvd SW #102, Albany, OR 97321",503) 884-5011,N/A,https://www.facebook.com/theallintattooco,N/A,https://www.facebook.com/theallintattooco,Tangent,OR,USA,N/A,4.9,2026-06-17 19:21:46
Freak of Ink | Tattoo & Ink Shop | Albany OR,73,"2120 SE Geary St, Albany, OR 97322",541) 979-5042,https://www.instagram.com/freakofink,https://www.facebook.com/p,https://www.tiktok.com/@freakofink1911,N/A,Tangent,OR,USA,N/A,4.8,2026-06-17 19:22:58
PermaGrafix Tattoo,61,"2217 Santiam Hwy SE, Albany, OR 97322",541) 990-0826,https://www.instagram.com/p,https://www.facebook.com/permagrafixtattoo,https://www.tiktok.com/@permagrafix,http://www.permagrafix.com,Tangent,OR,USA,N/A,4.5,2026-06-17 19:24:28
Fallen Cherub Tattoo Co.,13,"403 W 1st Ave Suite 1, Albany, OR 97321",541) 979-4660,https://www.instagram.com/fallencherubtattoo,https://www.facebook.com/share,https://www.tiktok.com/@fallencherubtattoo,https://www.facebook.com/share/15o9NtpH5C,Tangent,OR,USA,Fallencherubtattoo@gmail.com; fallencherubtattoo@gmail.com,5.0,2026-06-17 19:31:19
Eternal Tattoo Company,49,"615 SW Evergreen Ave #301, Redmond, OR 97756",541) 316-8008,https://www.instagram.com/jaceblackink,https://www.facebook.com/p,https://www.tiktok.com/@eternal.ink.tattoos,http://www.eternaltattoocompany.com,Terrebonne,OR,USA,eternaltattoocompany@protonmail.com,4.5,2026-06-17 19:41:55
Steadfast Tattoo Co.,52,"655 NW Greenwood Ave Ste 3, Redmond, OR 97756",458) 600-9804,https://www.instagram.com/steadfasttattooco,https://www.facebook.com/SteadfastTattooCo,https://www.tiktok.com/@e.randall.tattoos,https://steadfasttattoocompany.com,Terrebonne,OR,USA,lemonad@jovanny.ru,5.0,2026-06-17 19:44:45
Thornbird Tattoo Studio,80,"1604 S Hwy 97 #5, Redmond, OR 97756",541) 390-8609,https://www.instagram.com/thornbird_tattoo,https://www.facebook.com/p,N/A,https://www.thornbirdtattoo.com,Terrebonne,OR,USA,N/A,5.0,2026-06-17 19:47:58
Not So Hidden Art - Yvette Tattoo,11,"728 NW 6th St, Redmond, OR 97756",425) 301-3324,https://www.instagram.com/yvette.tattoo,https://www.facebook.com/groups,https://www.tiktok.com/@youareyouthful,https://www.notsohiddenart.com,Terrebonne,OR,USA,N/A,5.0,2026-06-17 19:50:53
Backdoor Studios,48,"next to the Clocktower Pub, 2757 NW 7th St, Redmond, OR 97756",541) 706-0607,N/A,N/A,N/A,N/A,Terrebonne,OR,USA,N/A,4.5,2026-06-17 19:54:29
Alex Vivian Tattoos,0,"2905 S Hwy 97 Suite 110, Redmond, OR 97756",208) 440-3258,https://www.instagram.com/tattoosbyalexvivian,N/A,https://www.tiktok.com/@alex78082,https://www.instagram.com/tattoosbyalexvivian,Terrebonne,OR,USA,N/A,0,2026-06-17 19:59:22
Ink Rich Tattoo,41,"1210 S Main St, Lebanon, OR 97355",541) 570-3370,N/A,N/A,N/A,N/A,Terrebonne,OR,USA,N/A,5.0,2026-06-17 20:02:01
Boymamaink,1,"412 Nw industrial park way #2, Toledo, OR 97391",503) 995-2009,N/A,N/A,N/A,N/A,Toledo,OR,USA,N/A,5.0,2026-06-17 20:05:33
Eternal Tattoo Company,49,"615 SW Evergreen Ave #301, Redmond, OR 97756",541) 316-8008,https://www.instagram.com/p,https://www.facebook.com/jaceblackink,https://www.tiktok.com/@eternal.ink.tattoos,http://www.eternaltattoocompany.com,Tri-City,OR,USA,eternaltattoocompany@protonmail.com,4.5,2026-06-17 20:11:54
OREGON CITY TATTOO,142,"Lower Level, 207 7th St B1, Oregon City, OR 97045",503) 974-9173,N/A,N/A,N/A,http://www.oregoncitytattoo.com,Tri-City,OR,USA,N/A,4.8,2026-06-17 20:16:08
Steadfast Tattoo Co.,52,"655 NW Greenwood Ave Ste 3, Redmond, OR 97756",458) 600-9804,https://www.instagram.com/steadfasttattooco,https://www.facebook.com/SteadfastTattooCo,https://www.tiktok.com/@e.randall.tattoos,https://steadfasttattoocompany.com,Tri-City,OR,USA,lemonad@jovanny.ru,5.0,2026-06-17 20:19:42
The Inksmith & Co.,36,"778 NW 3rd St, Prineville, OR 97754",541) 218-7971,https://www.instagram.com/theinksmithco,https://www.facebook.com/theinksmithco,N/A,https://www.theinksmithco.com,Tri-City,OR,USA,N/A,5.0,2026-06-17 20:27:10
Fizzys Ink,34,"272 S Cedar St, Sisters, OR 97759",541) 588-2884,https://www.instagram.com/fizzys_ink,https://www.facebook.com/faith.gulick.2025,https://www.tiktok.com/@fizzys.ink,https://venue.ink/@fizzysink,Tri-City,OR,USA,N/A,5.0,2026-06-17 20:31:19
Farewell Tattoo Parlor,95,"304 SE Lee Ln, Bend, OR 97702",541) 848-8105,http://instagram.com/farewelltattoo,https://www.facebook.com/instagram,N/A,http://instagram.com/farewelltattoo,Tri-City,OR,USA,N/A,4.9,2026-06-17 20:35:59
Black N Blue Tattoo & Skate Shop,382,"1221 NW U.S. 101 Ste A, Lincoln City, OR 97367",541) 418-1527,N/A,N/A,N/A,http://blacknbluetattoo.com,Tri-City,OR,USA,N/A,4.9,2026-06-17 20:40:02
TRUE GRIT TATTOO,18,"1741 SW Court Ave, Pendleton, OR 97801",971) 985-5002,N/A,http://www.facebook.com/truegritpendleton,https://www.tiktok.com/@true.grit.tattoo,http://www.facebook.com/truegritpendleton,Tri-City,OR,USA,N/A,4.8,2026-06-17 20:46:37
Heritage Tattoos By Jess,11,"108 N 7th St, Winchester Bay, OR 97467",541) 999-0552,https://www.instagram.com/jessvehretattoo,https://www.facebook.com/HeritageTattoosByJess,N/A,https://www.heritagetattoosbyjess.com,Tri-City,OR,USA,HeritageTattoosByJess@gmail.com,4.2,2026-06-17 20:50:05
Tats by M,31,"36315 N Hwy 101 Cabin 2, Nehalem, OR 97131",503) 338-8156,https://www.instagram.com/tats.bymaisie,https://www.facebook.com/groups,https://www.tiktok.com/@ladefaction,https://tatsbym.square.site,Tri-City,OR,USA,tats.bym@gmail.com,5.0,2026-06-17 20:52:01
Big O' Tatties,9,"224 Airport Rd NE, Silverton, OR 97381",N/A,https://www.instagram.com/bigotatties,https://www.facebook.com/groups,https://www.tiktok.com/@kelliegerardi,https://www.instagram.com/bigotatties,Tri-City,OR,USA,N/A,0,2026-06-17 20:56:24
Dark Nouveau Tattoo,65,"244 NE Franklin Ave #3, Bend, OR 97701",541) 730-0421,http://instagram.com/hornedfern,N/A,https://www.tiktok.com/@ru_fi_oh,http://www.darknouveautattoo.com,Tri-City,OR,USA,darknouveautattoo@gmail.com; keishanicoleatelier@gmail.com; user@domain.com,0,2026-06-17 20:59:01
Bay View Tattoo,69,"338 SW Bay Blvd., Newport, OR 97365",541) 264-8572,N/A,https://www.facebook.com/BayViewTattoo,N/A,https://www.facebook.com/BayViewTattoo,Tri-City,OR,USA,N/A,4.8,2026-06-17 21:02:47
Eternal Tattoo Company,49,"615 SW Evergreen Ave #301, Redmond, OR 97756",541) 316-8008,https://www.instagram.com/eternalink,https://www.facebook.com/eternalink,https://www.tiktok.com/@eternal________________,http://www.eternaltattoocompany.com,Weston,OR,USA,eternaltattoocompany@protonmail.com,4.5,2026-06-17 21:20:39
Thornbird Tattoo Studio,80,"1604 S Hwy 97 #5, Redmond, OR 97756",541) 390-8609,N/A,N/A,N/A,https://www.thornbirdtattoo.com,Weston,OR,USA,N/A,5.0,2026-06-17 21:25:02
Four Flames Tattoo Studio,95,"2905 S Hwy 97 Ste 110, Redmond, OR 97756",541) 930-4224,https://www.instagram.com/four_flames_tattoo,N/A,https://www.tiktok.com/@alex78082,http://www.fourflamestattoo.com,Weston,OR,USA,user@domain.com,4.9,2026-06-17 21:26:57
Monolith Tattoo & Piercing,650,"61470 S Hwy 97 #3a, Bend, OR 97702",541) 647-2347,N/A,N/A,N/A,http://www.monolithtattoostudio.com,Weston,OR,USA,N/A,4.8,2026-06-17 21:31:04
Gold Star Tattoo,33,"41 SW D St Ste 102, Madras, OR 97741",541) 699-1155,https://www.instagram.com/gold_star_tattoo,https://www.facebook.com/groups,https://www.tiktok.com/@tattoo4846,http://goldstartattooco.com,Weston,OR,USA,N/A,4.8,2026-06-17 21:32:34
Inspired Ink Tattoo Studio,34,"450 OR-42, Coquille, OR 97423",N/A,https://instagram.com/inspiredinkcoquille,https://facebook.com/inspiredinkcoquille,https://www.tiktok.com/@inspired_ink,http://inspiredinkcoquille.com,Weston,OR,USA,inspiredinkCoquille@gmail.com; support@webador.com,4.9,2026-06-17 21:34:08
Silver n' Stone Tattoos,86,"109 W Main St, Rogue River, OR 97537",458) 212-1165,https://www.instagram.com/Silver.n.stonetattoos,https://www.facebook.com/silver.n.stonetattoos,https://www.tiktok.com/@Silver.n.stonetattoos,https://venue.ink/@silvernstonetattoo,Weston,OR,USA,silvernstonetattoostudio@gmail.com,5.0,2026-06-17 21:36:16
Tiburon Tattoo Society,7,"5060 SE Hwy 101, Lincoln City, OR 97367",541) 614-0045,https://www.instagram.com/that_tall_tattoo_guy,https://www.facebook.com/tidepooltattoo,https://www.tiktok.com/@ladefaction,http://www.tiburontattoo.com,Weston,OR,USA,N/A,5.0,2026-06-17 21:40:13
Desire Art and Ink Tattoo,127,"2310 Commercial St SE, Salem, OR 97302",503) 584-1626,https://www.instagram.com/sean_johnston_desire,https://www.facebook.com/desireartandink,N/A,https://www.desireartandink.com,Weston,OR,USA,tattoo@desireartandink.com,4.8,2026-06-17 21:42:47
Subdermal Art Collective Tattoo and Piercing Eugene,200,"341 High St, Eugene, OR 97401",541) 654-5079,https://www.instagram.com/subdermalartcollective,https://www.facebook.com/subdemalartcollective,https://www.tiktok.com/@subdermalartcollective,http://www.subdermalartcollective.com,Weston,OR,USA,artofirabartlett@gmail.com; neartheneedle@gmail.com; piercingsbytrevorthomas@gmail.com; subdermalartcollective@gmail.com; subdermalartcollectrive@gmail.com; unbrokeninkbysiera@gmail.com; www.subdermalartcollective@gmail.com,4.9,2026-06-17 21:47:07
Black Label Tattoo,183,"2911 W 11th Ave B, Eugene, OR 97402",541) 393-6807,https://www.instagram.com/blacklabel_tat2,https://www.facebook.com/blacklabeltat2,N/A,http://blacklabeltattoo.net,Weston,OR,USA,N/A,4.3,2026-06-17 21:51:27
Eternal Body Art,160,"729 SW G St, Grants Pass, OR 97526",541) 471-0607,https://www.instagram.com/eternalbodyart,https://www.facebook.com/ebatattoopiercing,https://www.tiktok.com/@eternal________________,N/A,Weston,OR,USA,N/A,4.5,2026-06-17 21:56:40
Irish Ink Tattoo Studio,236,"408 SE G St A, Grants Pass, OR 97526",541) 476-6654,https://www.instagram.com/casey_sheehan_tattoos,https://www.facebook.com/irishinkgp,https://www.tiktok.com/@kellieink,https://caseysheehan.wixsite.com/irishinkgp,Weston,OR,USA,N/A,0,2026-06-17 22:01:48
